municipality,eligible,voters,invalid,valid,אמת,ג,דעם,ום,ז,זי,זך,זנ,זץ,טב,י,יז,ין,יץ,כ,ךק,ל,מחל,מרצ,נ,נז,נך,נץ,נר,ן,ןך,ןנ,פה,ףז,ףי,ףך,ףנ,ףץ,צק,ץ,ץז,ץי,ק,קי,קן,קף,ר,שס,knesset,אמת_pct,ג_pct,דעם_pct,ום_pct,ז_pct,זי_pct,זך_pct,זנ_pct,זץ_pct,טב_pct,י_pct,יז_pct,ין_pct,יץ_pct,כ_pct,ךק_pct,ל_pct,מחל_pct,מרצ_pct,נ_pct,נז_pct,נך_pct,נץ_pct,נר_pct,ן_pct,ןך_pct,ןנ_pct,פה_pct,ףז_pct,ףי_pct,ףך_pct,ףנ_pct,ףץ_pct,צק_pct,ץ_pct,ץז_pct,ץי_pct,ק_pct,קי_pct,קן_pct,קף_pct,ר_pct,שס_pct,turnout_pct
אבו גוש,4707,1915,72,1843,35,2,368,490,2,1,0,0,0,11,0,0,0,2,14,1,10,201,313,1,0,0,5,6,1,1,1,334,0,1,0,0,1,1,1,0,0,1,1,1,1,6,30,21,1.9,0.11,19.97,26.59,0.11,0.05,0.0,0.0,0.0,0.6,0.0,0.0,0.0,0.11,0.76,0.05,0.54,10.91,16.98,0.05,0.0,0.0,0.27,0.33,0.05,0.05,0.05,18.12,0.0,0.05,0.0,0.0,0.05,0.05,0.05,0.0,0.0,0.05,0.05,0.05,0.05,0.33,1.63,40.68
אבו סנאן,9234,4845,82,4763,60,6,592,2152,2,0,1,0,1,4,7,0,3,1,515,2,183,142,187,7,11,0,22,3,4,2,0,701,0,12,1,0,3,37,3,0,4,6,7,1,7,12,62,21,1.26,0.13,12.43,45.18,0.04,0.0,0.02,0.0,0.02,0.08,0.15,0.0,0.06,0.02,10.81,0.04,3.84,2.98,3.93,0.15,0.23,0.0,0.46,0.06,0.08,0.04,0.0,14.72,0.0,0.25,0.02,0.0,0.06,0.78,0.06,0.0,0.08,0.13,0.15,0.02,0.15,0.25,1.3,52.47
אבן יהודה,9833,7582,20,7562,653,28,2,6,143,0,0,0,8,80,2,0,0,1,248,0,23,1593,288,190,2,0,2,179,2,0,1,4012,1,0,0,0,0,6,1,0,1,6,0,6,0,0,78,21,8.64,0.37,0.03,0.08,1.89,0.0,0.0,0.0,0.11,1.06,0.03,0.0,0.0,0.01,3.28,0.0,0.3,21.07,3.81,2.51,0.03,0.0,0.03,2.37,0.03,0.0,0.01,53.05,0.01,0.0,0.0,0.0,0.0,0.08,0.01,0.0,0.01,0.08,0.0,0.08,0.0,0.0,1.03,77.11
אום אל-פחם,34720,15671,138,15533,25,2,1911,12381,1,0,2,0,2,6,2,3,0,2,154,2,3,39,797,4,1,0,2,3,3,1,1,111,1,9,2,3,0,3,3,0,2,1,4,2,6,15,24,21,0.16,0.01,12.3,79.71,0.01,0.0,0.01,0.0,0.01,0.04,0.01,0.02,0.0,0.01,0.99,0.01,0.02,0.25,5.13,0.03,0.01,0.0,0.01,0.02,0.02,0.01,0.01,0.71,0.01,0.06,0.01,0.02,0.0,0.02,0.02,0.0,0.01,0.01,0.03,0.01,0.04,0.1,0.15,45.14
אופקים,20939,13715,158,13557,158,2165,1,2,430,3,0,0,12,468,0,0,1,0,396,1,894,4918,57,329,4,0,2,115,37,0,2,905,1,4,3,2,4,7,3,0,0,5,3,4,0,2,2619,21,1.17,15.97,0.01,0.01,3.17,0.02,0.0,0.0,0.09,3.45,0.0,0.0,0.01,0.0,2.92,0.01,6.59,36.28,0.42,2.43,0.03,0.0,0.01,0.85,0.27,0.0,0.01,6.68,0.01,0.03,0.02,0.01,0.03,0.05,0.02,0.0,0.0,0.04,0.02,0.03,0.0,0.01,19.32,65.5
אור יהודה,26963,18755,188,18567,488,223,3,12,419,3,0,0,23,340,1,0,0,0,949,3,173,9454,183,357,5,0,9,327,15,1,0,3090,4,1,4,4,3,8,4,0,2,10,2,5,9,4,2429,21,2.63,1.2,0.02,0.06,2.26,0.02,0.0,0.0,0.12,1.83,0.01,0.0,0.0,0.0,5.11,0.02,0.93,50.92,0.99,1.92,0.03,0.0,0.05,1.76,0.08,0.01,0.0,16.64,0.02,0.01,0.02,0.02,0.02,0.04,0.02,0.0,0.01,0.05,0.01,0.03,0.05,0.02,13.08,69.56
אור עקיבא,15520,9773,72,9701,143,119,0,4,339,1,0,0,6,153,0,0,1,1,499,0,891,5107,66,190,4,0,2,114,11,0,0,1221,0,0,1,0,2,4,1,0,0,13,3,3,0,0,802,21,1.47,1.23,0.0,0.04,3.49,0.01,0.0,0.0,0.06,1.58,0.0,0.0,0.01,0.01,5.14,0.0,9.18,52.64,0.68,1.96,0.04,0.0,0.02,1.18,0.11,0.0,0.0,12.59,0.0,0.0,0.01,0.0,0.02,0.04,0.01,0.0,0.0,0.13,0.03,0.03,0.0,0.0,8.27,62.97
אזור,9703,6701,53,6648,277,69,1,5,185,5,0,0,5,115,1,0,0,1,291,1,155,2459,108,195,3,0,2,158,4,0,2,2075,1,0,0,0,1,15,0,0,0,9,1,4,0,0,500,21,4.17,1.04,0.02,0.08,2.78,0.08,0.0,0.0,0.08,1.73,0.02,0.0,0.0,0.02,4.38,0.02,2.33,36.99,1.62,2.93,0.05,0.0,0.03,2.38,0.06,0.0,0.03,31.21,0.02,0.0,0.0,0.0,0.02,0.23,0.0,0.0,0.0,0.14,0.02,0.06,0.0,0.0,7.52,69.06
אילת,50304,22851,168,22683,746,103,30,84,912,9,2,0,34,507,13,7,1,3,692,4,1221,9831,332,562,5,0,15,569,39,4,2,5942,7,7,3,2,3,25,1,0,1,18,5,6,2,4,930,21,3.29,0.45,0.13,0.37,4.02,0.04,0.01,0.0,0.15,2.24,0.06,0.03,0.0,0.01,3.05,0.02,5.38,43.34,1.46,2.48,0.02,0.0,0.07,2.51,0.17,0.02,0.01,26.2,0.03,0.03,0.01,0.01,0.01,0.11,0.0,0.0,0.0,0.08,0.02,0.03,0.01,0.02,4.1,45.43
אכסאל,9369,4833,26,4807,15,0,1012,3319,1,0,0,0,1,1,0,0,0,0,38,1,1,44,274,0,2,0,4,1,3,0,0,62,1,0,0,2,1,4,0,0,1,3,0,0,3,12,1,21,0.31,0.0,21.05,69.05,0.02,0.0,0.0,0.0,0.02,0.02,0.0,0.0,0.0,0.0,0.79,0.02,0.02,0.92,5.7,0.0,0.04,0.0,0.08,0.02,0.06,0.0,0.0,1.29,0.02,0.0,0.0,0.04,0.02,0.08,0.0,0.0,0.02,0.06,0.0,0.0,0.06,0.25,0.02,51.59
אל קסום,6167,2136,31,2105,31,1,1068,169,0,3,1,0,1,2,0,0,1,0,41,2,2,72,168,14,1,0,7,1,1,2,3,287,0,2,1,8,3,7,0,0,4,5,3,2,1,3,188,21,1.47,0.05,50.74,8.03,0.0,0.14,0.05,0.0,0.05,0.1,0.0,0.0,0.05,0.0,1.95,0.1,0.1,3.42,7.98,0.67,0.05,0.0,0.33,0.05,0.05,0.1,0.14,13.63,0.0,0.1,0.05,0.38,0.14,0.33,0.0,0.0,0.19,0.24,0.14,0.1,0.05,0.14,8.93,34.64
אל-בטוף,5131,2208,18,2190,45,1,689,591,1,2,0,0,3,3,0,0,0,0,23,1,1,31,102,1,0,0,188,16,1,1,1,387,0,0,0,0,1,2,0,0,2,1,4,0,4,12,76,21,2.05,0.05,31.46,26.99,0.05,0.09,0.0,0.0,0.14,0.14,0.0,0.0,0.0,0.0,1.05,0.05,0.05,1.42,4.66,0.05,0.0,0.0,8.58,0.73,0.05,0.05,0.05,17.67,0.0,0.0,0.0,0.0,0.05,0.09,0.0,0.0,0.09,0.05,0.18,0.0,0.18,0.55,3.47,43.03
אלונה,1467,1169,3,1166,116,1,1,3,39,0,0,0,0,5,0,0,0,0,43,0,0,286,71,24,0,0,0,47,0,0,0,527,0,0,0,0,0,0,0,0,0,1,0,0,0,0,2,21,9.95,0.09,0.09,0.26,3.34,0.0,0.0,0.0,0.0,0.43,0.0,0.0,0.0,0.0,3.69,0.0,0.0,24.53,6.09,2.06,0.0,0.0,0.0,4.03,0.0,0.0,0.0,45.2,0.0,0.0,0.0,0.0,0.0,0.0,0.0,0.0,0.0,0.09,0.0,0.0,0.0,0.0,0.17,79.69
אליכין,2612,1992,16,1976,58,34,0,0,87,0,0,0,1,79,0,0,0,0,129,0,5,950,13,52,0,0,1,31,0,0,0,334,0,0,1,0,0,1,0,0,1,0,0,0,0,0,199,21,2.94,1.72,0.0,0.0,4.4,0.0,0.0,0.0,0.05,4.0,0.0,0.0,0.0,0.0,6.53,0.0,0.25,48.08,0.66,2.63,0.0,0.0,0.05,1.57,0.0,0.0,0.0,16.9,0.0,0.0,0.05,0.0,0.0,0.05,0.0,0.0,0.05,0.0,0.0,0.0,0.0,0.0,10.07,76.26
אלעד,19997,16927,135,16792,11,6227,0,2,145,0,0,0,3,1230,0,0,0,0,49,0,2,1212,1,141,2,0,0,8,1,0,0,47,0,0,1,0,6,1,0,0,0,0,0,0,0,0,7703,21,0.07,37.08,0.0,0.01,0.86,0.0,0.0,0.0,0.02,7.32,0.0,0.0,0.0,0.0,0.29,0.0,0.01,7.22,0.01,0.84,0.01,0.0,0.0,0.05,0.01,0.0,0.0,0.28,0.0,0.0,0.01,0.0,0.04,0.01,0.0,0.0,0.0,0.0,0.0,0.0,0.0,0.0,45.87,84.65
אעבלין,8913,4508,64,4444,72,6,727,2575,1,1,0,0,0,4,0,1,5,3,51,2,58,51,408,3,1,0,0,1,1,3,1,272,0,2,3,0,3,3,1,0,1,5,2,4,7,11,155,21,1.62,0.14,16.36,57.94,0.02,0.02,0.0,0.0,0.0,0.09,0.0,0.02,0.11,0.07,1.15,0.05,1.31,1.15,9.18,0.07,0.02,0.0,0.0,0.02,0.02,0.07,0.02,6.12,0.0,0.05,0.07,0.0,0.07,0.07,0.02,0.0,0.02,0.11,0.05,0.09,0.16,0.25,3.49,50.58
אשדוד,177630,117488,1107,116381,1755,13606,21,52,3225,28,7,0,58,1869,19,11,3,9,4259,17,14410,39499,610,2539,21,0,33,1351,245,9,15,19146,18,6,9,7,11,41,12,0,7,96,22,16,31,26,13262,21,1.51,11.69,0.02,0.04,2.77,0.02,0.01,0.0,0.05,1.61,0.02,0.01,0.0,0.01,3.66,0.01,12.38,33.94,0.52,2.18,0.02,0.0,0.03,1.16,0.21,0.01,0.01,16.45,0.02,0.01,0.01,0.01,0.01,0.04,0.01,0.0,0.01,0.08,0.02,0.01,0.03,0.02,11.4,66.14
אשכול,10452,7430,32,7398,1232,35,6,15,167,2,0,0,2,636,1,0,1,1,123,0,122,1035,802,259,2,0,4,164,2,0,1,2695,2,1,0,1,1,5,0,0,0,5,1,0,1,0,74,21,16.65,0.47,0.08,0.2,2.26,0.03,0.0,0.0,0.03,8.6,0.01,0.0,0.01,0.01,1.66,0.0,1.65,13.99,10.84,3.5,0.03,0.0,0.05,2.22,0.03,0.0,0.01,36.43,0.03,0.01,0.0,0.01,0.01,0.07,0.0,0.0,0.0,0.07,0.01,0.0,0.01,0.0,1.0,71.09
אשקלון,112413,70010,616,69394,1285,1236,13,31,2418,22,6,0,64,2144,19,2,5,5,3710,8,9113,29569,455,2058,21,0,55,932,251,8,9,10974,14,11,11,12,6,52,8,0,2,71,16,11,37,22,4708,21,1.85,1.78,0.02,0.04,3.48,0.03,0.01,0.0,0.09,3.09,0.03,0.0,0.01,0.01,5.35,0.01,13.13,42.61,0.66,2.97,0.03,0.0,0.08,1.34,0.36,0.01,0.01,15.81,0.02,0.02,0.02,0.02,0.01,0.07,0.01,0.0,0.0,0.1,0.02,0.02,0.05,0.03,6.78,62.28
באקה אל גרבייה,18635,7991,130,7861,46,1,2677,3872,1,1,1,0,0,5,0,0,0,2,58,3,2,29,725,3,1,0,9,5,2,0,3,305,3,5,4,1,0,5,19,0,3,5,0,2,7,18,38,21,0.59,0.01,34.05,49.26,0.01,0.01,0.01,0.0,0.0,0.06,0.0,0.0,0.0,0.03,0.74,0.04,0.03,0.37,9.22,0.04,0.01,0.0,0.11,0.06,0.03,0.0,0.04,3.88,0.04,0.06,0.05,0.01,0.0,0.06,0.24,0.0,0.04,0.06,0.0,0.03,0.09,0.23,0.48,42.88
באר טוביה,15792,12298,54,12244,766,53,2,24,310,2,0,0,16,161,4,1,0,1,594,2,49,3642,424,336,2,0,7,329,4,0,0,5222,0,1,2,0,0,5,1,0,0,7,0,0,2,1,274,21,6.26,0.43,0.02,0.2,2.53,0.02,0.0,0.0,0.13,1.31,0.03,0.01,0.0,0.01,4.85,0.02,0.4,29.75,3.46,2.74,0.02,0.0,0.06,2.69,0.03,0.0,0.0,42.65,0.0,0.01,0.02,0.0,0.0,0.04,0.01,0.0,0.0,0.06,0.0,0.0,0.02,0.01,2.24,77.87
באר יעקב,15773,12021,87,11934,373,172,2,8,342,5,0,0,9,181,4,1,0,1,748,3,185,4434,111,314,2,0,4,310,8,0,1,4107,1,1,2,1,2,6,0,0,1,10,0,2,4,0,579,21,3.13,1.44,0.02,0.07,2.87,0.04,0.0,0.0,0.08,1.52,0.03,0.01,0.0,0.01,6.27,0.03,1.55,37.15,0.93,2.63,0.02,0.0,0.03,2.6,0.07,0.0,0.01,34.41,0.01,0.01,0.02,0.01,0.02,0.05,0.0,0.0,0.01,0.08,0.0,0.02,0.03,0.0,4.85,76.21
באר שבע,161391,98993,970,98023,2632,1275,143,288,4239,31,9,0,99,2774,13,2,1,4,3848,17,9312,42160,1240,4489,39,0,59,1744,222,5,9,17141,18,17,16,11,18,47,16,0,3,82,22,14,21,32,5911,21,2.69,1.3,0.15,0.29,4.32,0.03,0.01,0.0,0.1,2.83,0.01,0.0,0.0,0.0,3.93,0.02,9.5,43.01,1.27,4.58,0.04,0.0,0.06,1.78,0.23,0.01,0.01,17.49,0.02,0.02,0.02,0.01,0.02,0.05,0.02,0.0,0.0,0.08,0.02,0.01,0.02,0.03,6.03,61.34
בוסתאן אל-מרג',5517,2480,42,2438,27,0,662,702,3,0,0,0,6,4,0,0,0,2,47,0,1,28,580,3,0,0,15,1,1,1,1,227,1,0,2,0,1,3,3,0,2,4,1,1,2,12,95,21,1.11,0.0,27.15,28.79,0.12,0.0,0.0,0.0,0.25,0.16,0.0,0.0,0.0,0.08,1.93,0.0,0.04,1.15,23.79,0.12,0.0,0.0,0.62,0.04,0.04,0.04,0.04,9.31,0.04,0.0,0.08,0.0,0.04,0.12,0.12,0.0,0.08,0.16,0.04,0.04,0.08,0.49,3.9,44.95
בועיינה-נוג'ידאת,6376,3342,60,3282,138,14,1308,1176,0,0,0,0,0,2,0,0,0,0,34,2,2,37,110,1,3,0,113,1,0,0,3,216,0,0,0,0,3,3,1,0,2,3,0,3,2,11,94,21,4.2,0.43,39.85,35.83,0.0,0.0,0.0,0.0,0.0,0.06,0.0,0.0,0.0,0.0,1.04,0.06,0.06,1.13,3.35,0.03,0.09,0.0,3.44,0.03,0.0,0.0,0.09,6.58,0.0,0.0,0.0,0.0,0.09,0.09,0.03,0.0,0.06,0.09,0.0,0.09,0.06,0.34,2.86,52.42
בוקעאתא,519,74,1,73,0,0,0,0,1,0,0,0,0,2,0,0,0,0,7,0,2,26,8,4,1,0,0,0,0,0,0,21,0,0,0,0,0,0,0,0,0,0,0,0,0,0,1,21,0.0,0.0,0.0,0.0,1.37,0.0,0.0,0.0,0.0,2.74,0.0,0.0,0.0,0.0,9.59,0.0,2.74,35.62,10.96,5.48,1.37,0.0,0.0,0.0,0.0,0.0,0.0,28.77,0.0,0.0,0.0,0.0,0.0,0.0,0.0,0.0,0.0,0.0,0.0,0.0,0.0,0.0,1.37,14.26
ביר אל-מכסור,6312,2001,26,1975,54,0,413,338,1,0,0,0,1,4,0,0,0,0,31,1,1,88,258,3,0,0,13,2,0,0,0,656,1,0,1,0,2,5,0,0,1,1,0,0,2,12,86,21,2.73,0.0,20.91,17.11,0.05,0.0,0.0,0.0,0.05,0.2,0.0,0.0,0.0,0.0,1.57,0.05,0.05,4.46,13.06,0.15,0.0,0.0,0.66,0.1,0.0,0.0,0.0,33.22,0.05,0.0,0.05,0.0,0.1,0.25,0.0,0.0,0.05,0.05,0.0,0.0,0.1,0.61,4.35,31.7
בית ג'ן,8565,4923,26,4897,193,1,9,65,0,0,0,0,1,30,0,0,0,0,69,0,115,159,3175,26,2,0,3,6,7,0,1,934,2,4,2,0,0,8,2,0,0,0,0,1,1,1,80,21,3.94,0.02,0.18,1.33,0.0,0.0,0.0,0.0,0.02,0.61,0.0,0.0,0.0,0.0,1.41,0.0,2.35,3.25,64.84,0.53,0.04,0.0,0.06,0.12,0.14,0.0,0.02,19.07,0.04,0.08,0.04,0.0,0.0,0.16,0.04,0.0,0.0,0.0,0.0,0.02,0.02,0.02,1.63,57.48
בית דגן,5027,3827,14,3813,95,49,0,2,97,0,0,0,5,139,0,0,0,0,203,0,33,1790,37,105,0,0,0,131,0,0,0,933,0,0,1,1,0,0,1,0,0,3,0,2,0,0,186,21,2.49,1.29,0.0,0.05,2.54,0.0,0.0,0.0,0.13,3.65,0.0,0.0,0.0,0.0,5.32,0.0,0.87,46.94,0.97,2.75,0.0,0.0,0.0,3.44,0.0,0.0,0.0,24.47,0.0,0.0,0.03,0.03,0.0,0.0,0.03,0.0,0.0,0.08,0.0,0.05,0.0,0.0,4.88,76.13
בית שאן,14180,9906,63,9843,88,98,2,6,224,1,1,0,11,494,0,0,0,0,308,1,150,5413,23,183,2,0,4,733,5,1,0,516,1,0,2,1,0,3,0,0,1,6,2,1,1,0,1561,21,0.89,1.0,0.02,0.06,2.28,0.01,0.01,0.0,0.11,5.02,0.0,0.0,0.0,0.0,3.13,0.01,1.52,54.99,0.23,1.86,0.02,0.0,0.04,7.45,0.05,0.01,0.0,5.24,0.01,0.0,0.02,0.01,0.0,0.03,0.0,0.0,0.01,0.06,0.02,0.01,0.01,0.0,15.86,69.86
בית שמש,62152,40588,371,40217,331,13506,1,12,1367,5,2,0,23,2999,0,1,1,0,595,1,851,10373,128,1512,2,0,4,242,30,3,2,1714,5,3,3,3,8,7,1,0,1,10,5,3,47,5,6411,21,0.82,33.58,0.0,0.03,3.4,0.01,0.0,0.0,0.06,7.46,0.0,0.0,0.0,0.0,1.48,0.0,2.12,25.79,0.32,3.76,0.0,0.0,0.01,0.6,0.07,0.01,0.0,4.26,0.01,0.01,0.01,0.01,0.02,0.02,0.0,0.0,0.0,0.02,0.01,0.01,0.12,0.01,15.94,65.3
בני ברק,109000,84202,1398,82804,206,51178,6,10,515,4,1,0,22,1900,2,2,3,0,399,1,318,4431,112,502,5,0,8,127,19,4,2,1019,9,1,1,0,26,11,10,0,0,14,3,1,7,3,21922,21,0.25,61.81,0.01,0.01,0.62,0.0,0.0,0.0,0.03,2.29,0.0,0.0,0.0,0.0,0.48,0.0,0.38,5.35,0.14,0.61,0.01,0.0,0.01,0.15,0.02,0.0,0.0,1.23,0.01,0.0,0.0,0.0,0.03,0.01,0.01,0.0,0.0,0.02,0.0,0.0,0.01,0.0,26.47,77.25
"בני עי""ש",5787,3839,38,3801,40,55,3,0,183,1,1,0,2,121,2,0,1,1,147,2,730,1505,22,70,0,0,2,42,17,1,2,598,2,1,1,0,3,5,0,0,0,5,1,1,2,2,230,21,1.05,1.45,0.08,0.0,4.81,0.03,0.03,0.0,0.05,3.18,0.05,0.0,0.03,0.03,3.87,0.05,19.21,39.59,0.58,1.84,0.0,0.0,0.05,1.1,0.45,0.03,0.05,15.73,0.05,0.03,0.03,0.0,0.08,0.13,0.0,0.0,0.0,0.13,0.03,0.03,0.05,0.05,6.05,66.34
בני שמעון,6762,5157,13,5144,693,7,2,8,84,0,1,0,1,287,4,0,0,0,135,0,27,797,533,202,2,0,13,150,1,0,0,2146,1,0,0,1,2,4,0,0,0,3,0,0,0,1,39,21,13.47,0.14,0.04,0.16,1.63,0.0,0.02,0.0,0.02,5.58,0.08,0.0,0.0,0.0,2.62,0.0,0.52,15.49,10.36,3.93,0.04,0.0,0.25,2.92,0.02,0.0,0.0,41.72,0.02,0.0,0.0,0.02,0.04,0.08,0.0,0.0,0.0,0.06,0.0,0.0,0.0,0.02,0.76,76.26
בנימינה - גבעת עדה,10073,7652,27,7625,745,13,6,18,150,3,0,0,5,95,2,4,0,1,187,0,54,1397,525,239,2,0,4,201,3,1,0,3873,2,2,0,0,0,10,0,0,0,4,0,0,0,1,78,21,9.77,0.17,0.08,0.24,1.97,0.04,0.0,0.0,0.07,1.25,0.03,0.05,0.0,0.01,2.45,0.0,0.71,18.32,6.89,3.13,0.03,0.0,0.05,2.64,0.04,0.01,0.0,50.79,0.03,0.03,0.0,0.0,0.0,0.13,0.0,0.0,0.0,0.05,0.0,0.0,0.0,0.01,1.02,75.97
"בסמ""ה",6431,2554,41,2513,15,0,664,1289,1,0,0,0,0,3,1,0,0,0,66,0,1,19,337,2,0,0,7,1,4,1,0,44,3,4,1,1,1,0,2,0,1,2,1,2,0,9,31,21,0.6,0.0,26.42,51.29,0.04,0.0,0.0,0.0,0.0,0.12,0.04,0.0,0.0,0.0,2.63,0.0,0.04,0.76,13.41,0.08,0.0,0.0,0.28,0.04,0.16,0.04,0.0,1.75,0.12,0.16,0.04,0.04,0.04,0.0,0.08,0.0,0.04,0.08,0.04,0.08,0.0,0.36,1.23,39.71
בסמת טבעון,5223,1664,35,1629,30,1,408,336,1,0,0,0,0,6,0,1,1,0,47,1,0,33,144,3,0,0,12,1,0,0,2,453,3,2,1,1,2,5,0,0,3,4,0,5,4,25,94,21,1.84,0.06,25.05,20.63,0.06,0.0,0.0,0.0,0.0,0.37,0.0,0.06,0.06,0.0,2.89,0.06,0.0,2.03,8.84,0.18,0.0,0.0,0.74,0.06,0.0,0.0,0.12,27.81,0.18,0.12,0.06,0.06,0.12,0.31,0.0,0.0,0.18,0.25,0.0,0.31,0.25,1.53,5.77,31.86
בענה,5507,3966,22,3944,70,0,1837,1440,1,1,1,0,0,2,0,0,0,0,143,0,1,6,33,2,0,0,15,1,0,0,0,36,0,0,1,0,1,5,0,0,1,2,0,1,0,184,160,21,1.77,0.0,46.58,36.51,0.03,0.03,0.03,0.0,0.0,0.05,0.0,0.0,0.0,0.0,3.63,0.0,0.03,0.15,0.84,0.05,0.0,0.0,0.38,0.03,0.0,0.0,0.0,0.91,0.0,0.0,0.03,0.0,0.03,0.13,0.0,0.0,0.03,0.05,0.0,0.03,0.0,4.67,4.06,72.02
ברנר,5531,4327,9,4318,629,9,1,7,71,0,0,0,0,34,3,0,0,1,100,1,15,516,246,86,0,0,3,124,1,0,0,2449,0,1,0,0,1,1,0,0,0,6,0,0,2,0,11,21,14.57,0.21,0.02,0.16,1.64,0.0,0.0,0.0,0.0,0.79,0.07,0.0,0.0,0.02,2.32,0.02,0.35,11.95,5.7,1.99,0.0,0.0,0.07,2.87,0.02,0.0,0.0,56.72,0.0,0.02,0.0,0.0,0.02,0.02,0.0,0.0,0.0,0.14,0.0,0.0,0.05,0.0,0.25,78.23
בת ים,124102,64948,570,64378,1799,715,24,79,1901,20,5,0,53,1726,23,5,1,18,3347,9,8058,24792,723,1157,18,0,34,1138,227,3,8,13999,14,8,11,5,1,67,7,0,10,80,15,8,25,21,4224,21,2.79,1.11,0.04,0.12,2.95,0.03,0.01,0.0,0.08,2.68,0.04,0.01,0.0,0.03,5.2,0.01,12.52,38.51,1.12,1.8,0.03,0.0,0.05,1.77,0.35,0.0,0.01,21.75,0.02,0.01,0.02,0.01,0.0,0.1,0.01,0.0,0.02,0.12,0.02,0.01,0.04,0.03,6.56,52.33
ג'דיידה-מכר,14098,6293,79,6214,58,1,1620,3699,1,1,0,0,0,6,2,0,1,4,12,1,6,39,254,5,1,0,1,2,3,0,2,127,1,2,2,5,3,81,1,0,5,7,2,1,5,188,65,21,0.93,0.02,26.07,59.53,0.02,0.02,0.0,0.0,0.0,0.1,0.03,0.0,0.02,0.06,0.19,0.02,0.1,0.63,4.09,0.08,0.02,0.0,0.02,0.03,0.05,0.0,0.03,2.04,0.02,0.03,0.03,0.08,0.05,1.3,0.02,0.0,0.08,0.11,0.03,0.02,0.08,3.03,1.05,44.64
ג'וליס,4606,2574,25,2549,15,8,5,8,7,0,0,0,3,8,4,0,0,1,180,0,98,291,198,68,22,0,62,11,0,0,2,1426,1,6,3,1,0,52,1,0,0,1,2,0,3,0,62,21,0.59,0.31,0.2,0.31,0.27,0.0,0.0,0.0,0.12,0.31,0.16,0.0,0.0,0.04,7.06,0.0,3.84,11.42,7.77,2.67,0.86,0.0,2.43,0.43,0.0,0.0,0.08,55.94,0.04,0.24,0.12,0.04,0.0,2.04,0.04,0.0,0.0,0.04,0.08,0.0,0.12,0.0,2.43,55.88
ג'לג'וליה,6209,4248,33,4215,30,1,1918,1331,2,0,2,0,0,5,0,0,0,0,1,1,3,19,558,2,1,0,1,1,0,2,2,124,1,3,1,1,1,2,2,0,1,0,2,1,1,4,191,21,0.71,0.02,45.5,31.58,0.05,0.0,0.05,0.0,0.0,0.12,0.0,0.0,0.0,0.0,0.02,0.02,0.07,0.45,13.24,0.05,0.02,0.0,0.02,0.02,0.0,0.05,0.05,2.94,0.02,0.07,0.02,0.02,0.02,0.05,0.05,0.0,0.02,0.0,0.05,0.02,0.02,0.09,4.53,68.42
ג'סר א-זרקא,8690,1892,20,1872,49,4,506,724,1,1,0,0,1,7,2,1,0,1,47,4,0,24,117,4,4,0,1,1,1,1,1,129,0,1,2,1,3,2,0,0,4,2,3,1,0,3,219,21,2.62,0.21,27.03,38.68,0.05,0.05,0.0,0.0,0.05,0.37,0.11,0.05,0.0,0.05,2.51,0.21,0.0,1.28,6.25,0.21,0.21,0.0,0.05,0.05,0.05,0.05,0.05,6.89,0.0,0.05,0.11,0.05,0.16,0.11,0.0,0.0,0.21,0.11,0.16,0.05,0.0,0.16,11.7,21.77
גוש חלב (ג'יש),2438,1153,18,1135,24,0,113,501,0,0,0,0,1,0,1,0,1,0,4,0,140,5,91,1,0,0,1,21,1,1,1,179,0,3,0,0,1,3,0,0,0,0,2,0,1,0,39,21,2.11,0.0,9.96,44.14,0.0,0.0,0.0,0.0,0.09,0.0,0.09,0.0,0.09,0.0,0.35,0.0,12.33,0.44,8.02,0.09,0.0,0.0,0.09,1.85,0.09,0.09,0.09,15.77,0.0,0.26,0.0,0.0,0.09,0.26,0.0,0.0,0.0,0.0,0.18,0.0,0.09,0.0,3.44,47.29
ג'ת,7972,2977,45,2932,10,0,863,1549,0,2,0,0,0,5,1,0,0,0,5,1,1,18,380,1,2,0,4,4,1,0,2,68,0,1,1,0,0,0,3,0,0,2,0,0,0,6,2,21,0.34,0.0,29.43,52.83,0.0,0.07,0.0,0.0,0.0,0.17,0.03,0.0,0.0,0.0,0.17,0.03,0.03,0.61,12.96,0.03,0.07,0.0,0.14,0.14,0.03,0.0,0.07,2.32,0.0,0.03,0.03,0.0,0.0,0.0,0.1,0.0,0.0,0.07,0.0,0.0,0.0,0.2,0.07,37.34
גבעת שמואל,17890,13986,39,13947,466,208,5,15,526,5,0,0,3,1964,5,0,0,0,428,0,160,3536,241,2336,1,0,2,278,4,0,0,3187,0,0,0,10,1,7,0,0,0,5,0,0,0,0,554,21,3.34,1.49,0.04,0.11,3.77,0.04,0.0,0.0,0.02,14.08,0.04,0.0,0.0,0.0,3.07,0.0,1.15,25.35,1.73,16.75,0.01,0.0,0.01,1.99,0.03,0.0,0.0,22.85,0.0,0.0,0.0,0.07,0.01,0.05,0.0,0.0,0.0,0.04,0.0,0.0,0.0,0.0,3.97,78.18
גבעתיים,48210,34524,115,34409,3522,141,24,121,729,17,0,0,7,515,8,1,0,1,1015,4,260,6046,2458,814,4,0,12,867,19,2,2,17409,8,5,3,2,1,15,0,0,0,24,2,1,2,0,348,21,10.24,0.41,0.07,0.35,2.12,0.05,0.0,0.0,0.02,1.5,0.02,0.0,0.0,0.0,2.95,0.01,0.76,17.57,7.14,2.37,0.01,0.0,0.03,2.52,0.06,0.01,0.01,50.59,0.02,0.01,0.01,0.01,0.0,0.04,0.0,0.0,0.0,0.07,0.01,0.0,0.01,0.0,1.01,71.61
גדרה,17315,12813,61,12752,640,132,6,11,393,3,0,0,7,452,0,1,0,0,649,2,244,4297,292,384,4,0,6,359,4,1,0,4475,3,0,1,2,3,7,0,0,0,13,3,3,5,2,348,21,5.02,1.04,0.05,0.09,3.08,0.02,0.0,0.0,0.05,3.54,0.0,0.01,0.0,0.0,5.09,0.02,1.91,33.7,2.29,3.01,0.03,0.0,0.05,2.82,0.03,0.01,0.0,35.09,0.02,0.0,0.01,0.02,0.02,0.05,0.0,0.0,0.0,0.1,0.02,0.02,0.04,0.02,2.73,74.0
גדרות,3578,2832,4,2828,233,8,0,7,43,1,1,0,0,14,0,0,0,0,49,0,13,405,160,50,1,0,3,68,0,0,0,1758,0,0,1,0,0,0,0,0,0,2,0,0,0,0,11,21,8.24,0.28,0.0,0.25,1.52,0.04,0.04,0.0,0.0,0.5,0.0,0.0,0.0,0.0,1.73,0.0,0.46,14.32,5.66,1.77,0.04,0.0,0.11,2.4,0.0,0.0,0.0,62.16,0.0,0.0,0.04,0.0,0.0,0.0,0.0,0.0,0.0,0.07,0.0,0.0,0.0,0.0,0.39,79.15
גולן,11493,8546,18,8528,654,21,1,4,402,0,0,0,5,1101,4,3,0,1,173,0,66,1284,246,1037,3,0,2,361,2,0,0,3095,2,1,0,0,1,3,4,0,0,9,0,4,0,1,38,21,7.67,0.25,0.01,0.05,4.71,0.0,0.0,0.0,0.06,12.91,0.05,0.04,0.0,0.01,2.03,0.0,0.77,15.06,2.88,12.16,0.04,0.0,0.02,4.23,0.02,0.0,0.0,36.29,0.02,0.01,0.0,0.0,0.01,0.04,0.05,0.0,0.0,0.11,0.0,0.05,0.0,0.01,0.45,74.36
גזר,18727,14804,45,14759,1279,111,3,11,376,4,0,0,7,1381,1,0,0,0,524,0,64,3738,599,689,2,0,14,333,5,0,0,5298,2,1,0,0,2,3,0,0,0,4,1,1,0,0,306,21,8.67,0.75,0.02,0.07,2.55,0.03,0.0,0.0,0.05,9.36,0.01,0.0,0.0,0.0,3.55,0.0,0.43,25.33,4.06,4.67,0.01,0.0,0.09,2.26,0.03,0.0,0.0,35.9,0.01,0.01,0.0,0.0,0.01,0.02,0.0,0.0,0.0,0.03,0.01,0.01,0.0,0.0,2.07,79.05
גן יבנה,16209,12259,56,12203,381,88,2,6,452,0,1,0,5,323,1,0,0,0,535,2,292,4742,150,421,2,0,4,363,11,1,1,3932,6,0,1,0,0,7,0,0,0,15,2,2,2,1,452,21,3.12,0.72,0.02,0.05,3.7,0.0,0.01,0.0,0.04,2.65,0.01,0.0,0.0,0.0,4.38,0.02,2.39,38.86,1.23,3.45,0.02,0.0,0.03,2.97,0.09,0.01,0.01,32.22,0.05,0.0,0.01,0.0,0.0,0.06,0.0,0.0,0.0,0.12,0.02,0.02,0.02,0.01,3.7,75.63
גן רוה,4333,3333,7,3326,350,5,0,4,78,0,0,0,0,23,0,0,0,0,68,0,26,478,205,106,1,0,3,105,0,0,0,1859,0,2,0,0,0,1,0,0,1,2,0,0,1,1,7,21,10.52,0.15,0.0,0.12,2.35,0.0,0.0,0.0,0.0,0.69,0.0,0.0,0.0,0.0,2.04,0.0,0.78,14.37,6.16,3.19,0.03,0.0,0.09,3.16,0.0,0.0,0.0,55.89,0.0,0.06,0.0,0.0,0.0,0.03,0.0,0.0,0.03,0.06,0.0,0.0,0.03,0.03,0.21,76.92
גני תקווה,14043,11046,36,11010,679,253,0,16,228,3,1,0,2,246,1,0,0,0,396,1,81,2431,342,318,1,0,5,240,2,1,0,5048,1,0,0,0,1,5,2,0,0,5,1,0,0,0,700,21,6.17,2.3,0.0,0.15,2.07,0.03,0.01,0.0,0.02,2.23,0.01,0.0,0.0,0.0,3.6,0.01,0.74,22.08,3.11,2.89,0.01,0.0,0.05,2.18,0.02,0.01,0.0,45.85,0.01,0.0,0.0,0.0,0.01,0.05,0.02,0.0,0.0,0.05,0.01,0.0,0.0,0.0,6.36,78.66
דאלית אל-כרמל,12488,7464,60,7404,114,1,12,140,8,2,0,0,2,5,17,0,1,2,1769,1,162,196,646,21,10,0,2,61,2,1,1,4101,0,34,1,3,1,16,0,0,1,13,2,8,8,3,37,21,1.54,0.01,0.16,1.89,0.11,0.03,0.0,0.0,0.03,0.07,0.23,0.0,0.01,0.03,23.89,0.01,2.19,2.65,8.73,0.28,0.14,0.0,0.03,0.82,0.03,0.01,0.01,55.39,0.0,0.46,0.01,0.04,0.01,0.22,0.0,0.0,0.01,0.18,0.03,0.11,0.11,0.04,0.5,59.77
דבוריה,6887,3780,30,3750,14,3,1678,1755,0,0,1,0,0,5,2,0,0,0,77,1,4,10,131,0,3,0,9,1,1,0,0,36,0,2,1,0,1,2,0,0,2,0,0,0,6,4,1,21,0.37,0.08,44.75,46.8,0.0,0.0,0.03,0.0,0.0,0.13,0.05,0.0,0.0,0.0,2.05,0.03,0.11,0.27,3.49,0.0,0.08,0.0,0.24,0.03,0.03,0.0,0.0,0.96,0.0,0.05,0.03,0.0,0.03,0.05,0.0,0.0,0.05,0.0,0.0,0.0,0.16,0.11,0.03,54.89
דיר אל-אסד,8056,5919,35,5884,266,2,1969,2661,1,1,0,0,1,5,1,0,0,2,136,6,3,35,131,2,0,0,2,0,0,0,0,88,2,1,1,3,3,14,1,0,1,1,0,1,2,11,531,21,4.52,0.03,33.46,45.22,0.02,0.02,0.0,0.0,0.02,0.08,0.02,0.0,0.0,0.03,2.31,0.1,0.05,0.59,2.23,0.03,0.0,0.0,0.03,0.0,0.0,0.0,0.0,1.5,0.03,0.02,0.02,0.05,0.05,0.24,0.02,0.0,0.02,0.02,0.0,0.02,0.03,0.19,9.02,73.47
דיר חנא,7194,5357,8,5349,16,5,1942,2802,0,1,0,0,0,4,1,0,3,0,145,6,8,38,103,11,2,0,12,1,0,0,1,103,0,1,0,3,3,4,0,0,0,0,2,3,1,2,126,21,0.3,0.09,36.31,52.38,0.0,0.02,0.0,0.0,0.0,0.07,0.02,0.0,0.06,0.0,2.71,0.11,0.15,0.71,1.93,0.21,0.04,0.0,0.22,0.02,0.0,0.0,0.02,1.93,0.0,0.02,0.0,0.06,0.06,0.07,0.0,0.0,0.0,0.0,0.04,0.06,0.02,0.04,2.36,74.46
דימונה,27937,16802,214,16588,291,186,25,5,532,7,0,0,34,526,2,2,0,0,585,4,932,9345,60,392,5,0,7,225,37,3,1,2022,3,1,3,2,0,9,2,0,0,14,2,0,6,8,1310,21,1.75,1.12,0.15,0.03,3.21,0.04,0.0,0.0,0.2,3.17,0.01,0.01,0.0,0.0,3.53,0.02,5.62,56.34,0.36,2.36,0.03,0.0,0.04,1.36,0.22,0.02,0.01,12.19,0.02,0.01,0.02,0.01,0.0,0.05,0.01,0.0,0.0,0.08,0.01,0.0,0.04,0.05,7.9,60.14
דרום השרון,22328,17695,38,17657,1768,27,3,22,334,3,0,0,5,124,2,0,0,0,462,1,98,2879,1054,415,1,0,7,387,6,0,0,9859,0,0,1,0,0,12,0,0,0,10,3,0,0,1,173,21,10.01,0.15,0.02,0.12,1.89,0.02,0.0,0.0,0.03,0.7,0.01,0.0,0.0,0.0,2.62,0.01,0.56,16.31,5.97,2.35,0.01,0.0,0.04,2.19,0.03,0.0,0.0,55.84,0.0,0.0,0.01,0.0,0.0,0.07,0.0,0.0,0.0,0.06,0.02,0.0,0.0,0.01,0.98,79.25
הגלבוע,21170,13145,77,13068,1511,34,841,1298,218,2,0,0,4,150,1,2,0,16,255,1,80,2507,656,239,3,0,6,427,12,1,1,4538,1,2,1,4,1,11,3,0,2,4,4,1,2,22,207,21,11.56,0.26,6.44,9.93,1.67,0.02,0.0,0.0,0.03,1.15,0.01,0.02,0.0,0.12,1.95,0.01,0.61,19.18,5.02,1.83,0.02,0.0,0.05,3.27,0.09,0.01,0.01,34.73,0.01,0.02,0.01,0.03,0.01,0.08,0.02,0.0,0.02,0.03,0.03,0.01,0.02,0.17,1.58,62.09
הגליל העליון,14129,10106,29,10077,2245,14,1,23,214,0,0,0,2,25,2,0,0,0,216,0,71,666,1216,134,0,0,10,290,6,0,1,4903,2,1,0,0,1,1,0,0,0,7,4,1,0,0,21,21,22.28,0.14,0.01,0.23,2.12,0.0,0.0,0.0,0.02,0.25,0.02,0.0,0.0,0.0,2.14,0.0,0.7,6.61,12.07,1.33,0.0,0.0,0.1,2.88,0.06,0.0,0.01,48.66,0.02,0.01,0.0,0.0,0.01,0.01,0.0,0.0,0.0,0.07,0.04,0.01,0.0,0.0,0.21,71.53
הגליל התחתון,8290,6267,22,6245,453,25,0,8,254,2,0,0,3,558,1,0,0,2,205,0,23,1499,178,689,0,0,11,277,1,1,1,1967,0,0,0,1,0,3,0,0,0,1,2,0,0,0,80,21,7.25,0.4,0.0,0.13,4.07,0.03,0.0,0.0,0.05,8.94,0.02,0.0,0.0,0.03,3.28,0.0,0.37,24.0,2.85,11.03,0.0,0.0,0.18,4.44,0.02,0.02,0.02,31.5,0.0,0.0,0.0,0.02,0.0,0.05,0.0,0.0,0.0,0.02,0.03,0.0,0.0,0.0,1.28,75.6
הוד השרון,45512,34904,104,34800,2652,154,6,38,669,9,0,0,8,301,6,0,0,1,1015,0,411,7117,1591,697,2,0,24,789,12,3,2,18655,4,3,1,3,1,25,2,0,1,34,2,5,2,0,555,21,7.62,0.44,0.02,0.11,1.92,0.03,0.0,0.0,0.02,0.86,0.02,0.0,0.0,0.0,2.92,0.0,1.18,20.45,4.57,2.0,0.01,0.0,0.07,2.27,0.03,0.01,0.01,53.61,0.01,0.01,0.0,0.01,0.0,0.07,0.01,0.0,0.0,0.1,0.01,0.01,0.01,0.0,1.59,76.69
הערבה התיכונה,2509,1853,4,1849,225,3,0,5,43,1,0,0,2,27,0,0,0,0,26,1,8,130,109,59,0,0,0,57,0,0,0,1144,0,0,0,0,0,1,0,0,0,5,0,1,0,0,2,21,12.17,0.16,0.0,0.27,2.33,0.05,0.0,0.0,0.11,1.46,0.0,0.0,0.0,0.0,1.41,0.05,0.43,7.03,5.9,3.19,0.0,0.0,0.0,3.08,0.0,0.0,0.0,61.87,0.0,0.0,0.0,0.0,0.0,0.05,0.0,0.0,0.0,0.27,0.0,0.05,0.0,0.0,0.11,73.85
הרצליה,81001,54927,217,54710,3643,461,18,79,1138,18,1,0,26,865,7,4,0,0,1882,3,1058,12827,2567,1226,10,0,24,1256,27,1,1,26163,11,5,4,2,0,33,5,0,0,40,9,4,6,1,1285,21,6.66,0.84,0.03,0.14,2.08,0.03,0.0,0.0,0.05,1.58,0.01,0.01,0.0,0.0,3.44,0.01,1.93,23.45,4.69,2.24,0.02,0.0,0.04,2.3,0.05,0.0,0.0,47.82,0.02,0.01,0.01,0.0,0.0,0.06,0.01,0.0,0.0,0.07,0.02,0.01,0.01,0.0,2.35,67.81
זבולון,9228,5901,34,5867,925,23,386,219,87,1,0,0,1,76,1,0,0,0,95,0,31,479,330,145,0,0,2,93,2,5,0,2714,1,2,0,1,2,6,0,0,1,6,0,1,2,3,227,21,15.77,0.39,6.58,3.73,1.48,0.02,0.0,0.0,0.02,1.3,0.02,0.0,0.0,0.0,1.62,0.0,0.53,8.16,5.62,2.47,0.0,0.0,0.03,1.59,0.03,0.09,0.0,46.26,0.02,0.03,0.0,0.02,0.03,0.1,0.0,0.0,0.02,0.1,0.0,0.02,0.03,0.05,3.87,63.95
זכרון יעקב,16729,12486,41,12445,985,639,1,12,259,3,0,0,5,239,6,0,0,2,407,0,85,2210,625,468,2,0,14,205,7,0,0,5620,4,1,0,0,0,40,0,0,0,14,0,0,0,0,592,21,7.91,5.13,0.01,0.1,2.08,0.02,0.0,0.0,0.04,1.92,0.05,0.0,0.0,0.02,3.27,0.0,0.68,17.76,5.02,3.76,0.02,0.0,0.11,1.65,0.06,0.0,0.0,45.16,0.03,0.01,0.0,0.0,0.0,0.32,0.0,0.0,0.0,0.11,0.0,0.0,0.0,0.0,4.76,74.64
זמר,4610,2075,24,2051,12,1,602,898,2,0,1,0,0,1,0,0,0,0,26,2,1,15,308,1,0,0,3,1,0,0,0,58,0,3,0,0,0,1,6,0,0,1,2,0,0,4,102,21,0.59,0.05,29.35,43.78,0.1,0.0,0.05,0.0,0.0,0.05,0.0,0.0,0.0,0.0,1.27,0.1,0.05,0.73,15.02,0.05,0.0,0.0,0.15,0.05,0.0,0.0,0.0,2.83,0.0,0.15,0.0,0.0,0.0,0.05,0.29,0.0,0.0,0.05,0.1,0.0,0.0,0.2,4.97,45.01
זרזיר,5230,1891,32,1859,60,1,262,162,1,1,1,0,0,2,0,1,0,2,52,7,2,70,200,5,0,0,46,3,1,1,2,932,3,1,3,4,1,2,0,0,2,1,0,1,7,6,14,21,3.23,0.05,14.09,8.71,0.05,0.05,0.05,0.0,0.0,0.11,0.0,0.05,0.0,0.11,2.8,0.38,0.11,3.77,10.76,0.27,0.0,0.0,2.47,0.16,0.05,0.05,0.11,50.13,0.16,0.05,0.16,0.22,0.05,0.11,0.0,0.0,0.11,0.05,0.0,0.05,0.38,0.32,0.75,36.16
חבל אילות,3407,2165,11,2154,399,2,0,12,41,0,0,0,1,9,2,0,0,0,35,0,29,221,250,33,0,0,0,44,0,0,0,1055,2,1,0,0,0,4,0,0,1,3,0,0,0,0,10,21,18.52,0.09,0.0,0.56,1.9,0.0,0.0,0.0,0.05,0.42,0.09,0.0,0.0,0.0,1.62,0.0,1.35,10.26,11.61,1.53,0.0,0.0,0.0,2.04,0.0,0.0,0.0,48.98,0.09,0.05,0.0,0.0,0.0,0.19,0.0,0.0,0.05,0.14,0.0,0.0,0.0,0.0,0.46,63.55
חבל יבנה,3540,2897,9,2888,44,62,0,0,136,0,0,0,0,690,0,0,0,0,83,0,4,744,18,626,0,0,1,72,0,0,0,271,2,1,0,0,1,1,0,0,0,3,0,0,0,0,129,21,1.52,2.15,0.0,0.0,4.71,0.0,0.0,0.0,0.0,23.89,0.0,0.0,0.0,0.0,2.87,0.0,0.14,25.76,0.62,21.68,0.0,0.0,0.03,2.49,0.0,0.0,0.0,9.38,0.07,0.03,0.0,0.0,0.03,0.03,0.0,0.0,0.0,0.1,0.0,0.0,0.0,0.0,4.47,81.84
חבל מודיעין,15046,11990,37,11953,655,110,3,12,423,4,0,0,10,1022,2,0,0,0,589,0,32,3399,366,860,2,0,7,364,1,0,4,3716,1,0,0,0,0,3,0,0,0,10,0,0,1,0,357,21,5.48,0.92,0.03,0.1,3.54,0.03,0.0,0.0,0.08,8.55,0.02,0.0,0.0,0.0,4.93,0.0,0.27,28.44,3.06,7.19,0.02,0.0,0.06,3.05,0.01,0.0,0.03,31.09,0.01,0.0,0.0,0.0,0.0,0.03,0.0,0.0,0.0,0.08,0.0,0.0,0.01,0.0,2.99,79.69
חדרה,75611,47508,404,47104,1664,497,31,40,1413,10,3,0,46,996,8,2,1,4,3284,10,3155,17887,718,978,13,0,11,809,82,0,3,12212,15,11,8,4,8,52,4,0,5,44,11,11,32,11,3011,21,3.53,1.06,0.07,0.08,3.0,0.02,0.01,0.0,0.1,2.11,0.02,0.0,0.0,0.01,6.97,0.02,6.7,37.97,1.52,2.08,0.03,0.0,0.02,1.72,0.17,0.0,0.01,25.93,0.03,0.02,0.02,0.01,0.02,0.11,0.01,0.0,0.01,0.09,0.02,0.02,0.07,0.02,6.39,62.83
חולון,157915,101653,733,100920,4173,1030,19,60,2701,34,5,0,79,1608,32,2,2,23,5688,14,4299,37856,1500,2168,41,0,37,2510,111,3,6,29245,20,4,15,7,11,73,11,0,10,104,16,15,13,28,7347,21,4.13,1.02,0.02,0.06,2.68,0.03,0.0,0.0,0.08,1.59,0.03,0.0,0.0,0.02,5.64,0.01,4.26,37.51,1.49,2.15,0.04,0.0,0.04,2.49,0.11,0.0,0.01,28.98,0.02,0.0,0.01,0.01,0.01,0.07,0.01,0.0,0.01,0.1,0.02,0.01,0.01,0.03,7.28,64.37
חוף אשקלון,12104,9295,22,9273,524,203,1,10,357,1,0,0,6,686,0,0,0,0,321,0,46,2890,419,633,1,0,3,294,2,0,0,2589,5,0,0,1,0,2,0,0,0,5,0,1,0,0,273,21,5.65,2.19,0.01,0.11,3.85,0.01,0.0,0.0,0.06,7.4,0.0,0.0,0.0,0.0,3.46,0.0,0.5,31.17,4.52,6.83,0.01,0.0,0.03,3.17,0.02,0.0,0.0,27.92,0.05,0.0,0.0,0.01,0.0,0.02,0.0,0.0,0.0,0.05,0.0,0.01,0.0,0.0,2.94,76.79
חוף הכרמל,22426,16250,50,16200,1814,64,18,47,339,3,0,0,12,249,2,3,2,1,658,0,108,3166,933,453,36,0,8,336,6,0,0,7583,3,3,2,0,3,99,1,0,2,12,1,1,1,0,231,21,11.2,0.4,0.11,0.29,2.09,0.02,0.0,0.0,0.07,1.54,0.01,0.02,0.01,0.01,4.06,0.0,0.67,19.54,5.76,2.8,0.22,0.0,0.05,2.07,0.04,0.0,0.0,46.81,0.02,0.02,0.01,0.0,0.02,0.61,0.01,0.0,0.01,0.07,0.01,0.01,0.01,0.0,1.43,72.46
חוף השרון,8589,6714,17,6697,891,8,6,12,94,2,0,0,11,23,1,0,0,0,83,1,9,672,689,107,0,0,5,121,1,0,0,3914,1,0,0,1,1,4,1,0,2,3,0,1,0,0,33,21,13.3,0.12,0.09,0.18,1.4,0.03,0.0,0.0,0.16,0.34,0.01,0.0,0.0,0.0,1.24,0.01,0.13,10.03,10.29,1.6,0.0,0.0,0.07,1.81,0.01,0.0,0.0,58.44,0.01,0.0,0.0,0.01,0.01,0.06,0.01,0.0,0.03,0.04,0.0,0.01,0.0,0.0,0.49,78.17
חורה,7663,2241,38,2203,52,2,871,905,0,1,1,0,0,1,0,0,1,0,7,0,3,44,152,2,1,0,8,1,1,0,1,109,1,1,0,0,1,2,0,0,1,1,2,1,3,2,25,21,2.36,0.09,39.54,41.08,0.0,0.05,0.05,0.0,0.0,0.05,0.0,0.0,0.05,0.0,0.32,0.0,0.14,2.0,6.9,0.09,0.05,0.0,0.36,0.05,0.05,0.0,0.05,4.95,0.05,0.05,0.0,0.0,0.05,0.09,0.0,0.0,0.05,0.05,0.09,0.05,0.14,0.09,1.13,29.24
חורפיש,4469,2363,7,2356,49,1,3,55,3,0,0,0,2,28,287,0,0,0,45,0,352,52,475,29,3,0,1,2,1,0,0,821,0,0,0,0,0,41,0,0,0,0,0,6,0,0,100,21,2.08,0.04,0.13,2.33,0.13,0.0,0.0,0.0,0.08,1.19,12.18,0.0,0.0,0.0,1.91,0.0,14.94,2.21,20.16,1.23,0.13,0.0,0.04,0.08,0.04,0.0,0.0,34.85,0.0,0.0,0.0,0.0,0.0,1.74,0.0,0.0,0.0,0.0,0.0,0.25,0.0,0.0,4.24,52.88
חיפה,247866,145606,1028,144578,8127,5210,1464,7319,3346,46,5,0,55,3016,36,26,21,8,7310,17,10553,34217,6792,3320,79,0,74,2370,296,10,13,47261,33,25,12,11,16,188,36,0,15,173,35,15,41,56,2931,21,5.62,3.6,1.01,5.06,2.31,0.03,0.0,0.0,0.04,2.09,0.02,0.02,0.01,0.01,5.06,0.01,7.3,23.67,4.7,2.3,0.05,0.0,0.05,1.64,0.2,0.01,0.01,32.69,0.02,0.02,0.01,0.01,0.01,0.13,0.02,0.0,0.01,0.12,0.02,0.01,0.03,0.04,2.03,58.74
חצור הגלילית,7024,4906,24,4882,71,709,1,0,83,0,1,0,3,185,0,0,0,2,180,2,213,2424,10,93,4,0,0,82,6,0,0,295,0,0,0,1,1,2,0,0,0,1,1,0,0,1,511,21,1.45,14.52,0.02,0.0,1.7,0.0,0.02,0.0,0.06,3.79,0.0,0.0,0.0,0.04,3.69,0.04,4.36,49.65,0.2,1.9,0.08,0.0,0.0,1.68,0.12,0.0,0.0,6.04,0.0,0.0,0.0,0.02,0.02,0.04,0.0,0.0,0.0,0.02,0.02,0.0,0.0,0.02,10.47,69.85
חריש,4542,3392,24,3368,102,52,7,7,225,2,0,0,3,466,0,0,0,0,137,0,108,896,45,224,0,0,3,42,1,0,0,708,1,0,1,1,2,4,0,0,0,2,0,0,1,1,327,21,3.03,1.54,0.21,0.21,6.68,0.06,0.0,0.0,0.09,13.84,0.0,0.0,0.0,0.0,4.07,0.0,3.21,26.6,1.34,6.65,0.0,0.0,0.09,1.25,0.03,0.0,0.0,21.02,0.03,0.0,0.03,0.03,0.06,0.12,0.0,0.0,0.0,0.06,0.0,0.0,0.03,0.03,9.71,74.68
טבריה,34701,20584,132,20452,287,1527,6,8,519,2,2,0,18,533,2,0,0,23,630,3,730,10034,76,323,6,0,18,421,28,0,3,2120,2,1,2,0,3,22,1,0,2,12,2,6,2,2,3076,21,1.4,7.47,0.03,0.04,2.54,0.01,0.01,0.0,0.09,2.61,0.01,0.0,0.0,0.11,3.08,0.01,3.57,49.06,0.37,1.58,0.03,0.0,0.09,2.06,0.14,0.0,0.01,10.37,0.01,0.0,0.01,0.0,0.01,0.11,0.0,0.0,0.01,0.06,0.01,0.03,0.01,0.01,15.04,59.32
טובא-זנגריה,4384,1328,35,1293,25,1,194,222,0,2,0,0,0,4,0,0,0,0,48,2,1,36,146,0,0,0,22,4,0,2,0,531,3,0,0,3,2,1,1,0,4,1,0,1,4,11,22,21,1.93,0.08,15.0,17.17,0.0,0.15,0.0,0.0,0.0,0.31,0.0,0.0,0.0,0.0,3.71,0.15,0.08,2.78,11.29,0.0,0.0,0.0,1.7,0.31,0.0,0.15,0.0,41.07,0.23,0.0,0.0,0.23,0.15,0.08,0.08,0.0,0.31,0.08,0.0,0.08,0.31,0.85,1.7,30.29
טורעאן,9258,4431,38,4393,18,1,1501,2340,0,0,0,0,1,1,1,1,0,0,54,0,7,24,209,3,0,0,4,2,1,1,1,144,0,0,2,0,2,3,6,0,1,3,0,1,3,50,8,21,0.41,0.02,34.17,53.27,0.0,0.0,0.0,0.0,0.02,0.02,0.02,0.02,0.0,0.0,1.23,0.0,0.16,0.55,4.76,0.07,0.0,0.0,0.09,0.05,0.02,0.02,0.02,3.28,0.0,0.0,0.05,0.0,0.05,0.07,0.14,0.0,0.02,0.07,0.0,0.02,0.07,1.14,0.18,47.86
טייבה,27542,17029,220,16809,60,1,6332,8670,3,4,2,0,1,5,3,1,1,2,33,6,2,48,1265,3,1,0,2,1,1,0,2,193,3,5,5,3,5,5,2,0,2,3,1,3,3,15,112,21,0.36,0.01,37.67,51.58,0.02,0.02,0.01,0.0,0.01,0.03,0.02,0.01,0.01,0.01,0.2,0.04,0.01,0.29,7.53,0.02,0.01,0.0,0.01,0.01,0.01,0.0,0.01,1.15,0.02,0.03,0.03,0.02,0.03,0.03,0.01,0.0,0.01,0.02,0.01,0.02,0.02,0.09,0.67,61.83
טירה,17873,10661,101,10560,86,1,3087,4238,2,0,1,0,1,7,3,1,0,2,149,2,0,44,2557,6,0,0,41,1,0,3,1,270,1,0,1,2,5,5,5,0,2,7,3,0,4,11,11,21,0.81,0.01,29.23,40.13,0.02,0.0,0.01,0.0,0.01,0.07,0.03,0.01,0.0,0.02,1.41,0.02,0.0,0.42,24.21,0.06,0.0,0.0,0.39,0.01,0.0,0.03,0.01,2.56,0.01,0.0,0.01,0.02,0.05,0.05,0.05,0.0,0.02,0.07,0.03,0.0,0.04,0.1,0.1,59.65
טירת כרמל,18310,11849,84,11765,189,59,3,4,362,3,1,0,23,191,1,0,0,1,1016,2,404,6205,78,226,26,0,3,209,9,0,3,1714,6,1,3,0,1,12,3,0,0,9,1,1,4,0,992,21,1.61,0.5,0.03,0.03,3.08,0.03,0.01,0.0,0.2,1.62,0.01,0.0,0.0,0.01,8.64,0.02,3.43,52.74,0.66,1.92,0.22,0.0,0.03,1.78,0.08,0.0,0.03,14.57,0.05,0.01,0.03,0.0,0.01,0.1,0.03,0.0,0.0,0.08,0.01,0.01,0.03,0.0,8.43,64.71
טמרה,22245,13019,68,12951,78,9,4469,5557,5,3,1,0,1,17,1,1,0,1,201,3,3,68,804,2,11,0,24,29,5,1,4,181,2,3,1,1,5,23,1,0,3,10,3,5,4,1014,397,21,0.6,0.07,34.51,42.91,0.04,0.02,0.01,0.0,0.01,0.13,0.01,0.01,0.0,0.01,1.55,0.02,0.02,0.53,6.21,0.02,0.08,0.0,0.19,0.22,0.04,0.01,0.03,1.4,0.02,0.02,0.01,0.01,0.04,0.18,0.01,0.0,0.02,0.08,0.02,0.04,0.03,7.83,3.07,58.53
יאנוח - ג'ת,4492,2597,14,2583,6,0,1,36,2,0,2,0,0,37,13,0,0,0,146,2,454,295,146,10,3,0,3,49,0,1,0,729,1,0,0,0,2,616,1,0,2,2,0,1,0,0,23,21,0.23,0.0,0.04,1.39,0.08,0.0,0.08,0.0,0.0,1.43,0.5,0.0,0.0,0.0,5.65,0.08,17.58,11.42,5.65,0.39,0.12,0.0,0.12,1.9,0.0,0.04,0.0,28.22,0.04,0.0,0.0,0.0,0.08,23.85,0.04,0.0,0.08,0.08,0.0,0.04,0.0,0.0,0.89,57.81
יבנאל,2498,1681,6,1675,35,82,1,2,59,0,0,0,0,47,0,1,0,0,44,0,2,451,15,27,0,0,2,40,2,0,0,316,0,0,0,0,0,3,0,0,0,0,0,0,0,0,546,21,2.09,4.9,0.06,0.12,3.52,0.0,0.0,0.0,0.0,2.81,0.0,0.06,0.0,0.0,2.63,0.0,0.12,26.93,0.9,1.61,0.0,0.0,0.12,2.39,0.12,0.0,0.0,18.87,0.0,0.0,0.0,0.0,0.0,0.18,0.0,0.0,0.0,0.0,0.0,0.0,0.0,0.0,32.6,67.29
יבנה,33073,24664,181,24483,740,270,6,8,733,7,3,0,22,738,3,1,0,2,1249,1,611,9842,259,618,9,0,11,519,13,2,1,6887,4,3,1,3,4,15,1,0,2,22,3,11,8,3,1848,21,3.02,1.1,0.02,0.03,2.99,0.03,0.01,0.0,0.09,3.01,0.01,0.0,0.0,0.01,5.1,0.0,2.5,40.2,1.06,2.52,0.04,0.0,0.04,2.12,0.05,0.01,0.0,28.13,0.02,0.01,0.0,0.01,0.02,0.06,0.0,0.0,0.01,0.09,0.01,0.04,0.03,0.01,7.55,74.57
יהוד -מונסון,23080,17210,73,17137,923,108,3,13,414,9,0,0,11,231,1,0,0,0,752,3,235,5914,360,466,5,0,8,458,6,0,0,6686,3,0,2,1,2,9,3,0,0,10,3,0,2,1,495,21,5.39,0.63,0.02,0.08,2.42,0.05,0.0,0.0,0.06,1.35,0.01,0.0,0.0,0.0,4.39,0.02,1.37,34.51,2.1,2.72,0.03,0.0,0.05,2.67,0.04,0.0,0.0,39.01,0.02,0.0,0.01,0.01,0.01,0.05,0.02,0.0,0.0,0.06,0.02,0.0,0.01,0.01,2.89,74.57
יואב,5895,4477,4,4473,665,11,1,7,73,0,0,0,0,37,4,0,0,1,92,0,27,489,656,67,2,0,8,81,1,0,0,2201,1,0,0,0,0,2,0,0,0,0,1,0,0,0,46,21,14.87,0.25,0.02,0.16,1.63,0.0,0.0,0.0,0.0,0.83,0.09,0.0,0.0,0.02,2.06,0.0,0.6,10.93,14.67,1.5,0.04,0.0,0.18,1.81,0.02,0.0,0.0,49.21,0.02,0.0,0.0,0.0,0.0,0.04,0.0,0.0,0.0,0.0,0.02,0.0,0.0,0.0,1.03,75.95
יסוד המעלה,1215,895,2,893,94,0,0,2,29,0,0,0,1,31,0,0,0,1,21,0,8,162,29,36,0,0,0,23,0,0,0,450,0,1,0,0,0,0,0,0,0,0,0,0,0,0,5,21,10.53,0.0,0.0,0.22,3.25,0.0,0.0,0.0,0.11,3.47,0.0,0.0,0.0,0.11,2.35,0.0,0.9,18.14,3.25,4.03,0.0,0.0,0.0,2.58,0.0,0.0,0.0,50.39,0.0,0.11,0.0,0.0,0.0,0.0,0.0,0.0,0.0,0.0,0.0,0.0,0.0,0.0,0.56,73.66
יפיע,12845,5741,102,5639,115,5,1296,3346,2,1,0,0,0,5,1,0,2,1,67,6,5,137,306,3,1,0,4,1,1,3,0,223,0,3,0,2,0,3,0,0,2,3,4,6,8,15,62,21,2.04,0.09,22.98,59.34,0.04,0.02,0.0,0.0,0.0,0.09,0.02,0.0,0.04,0.02,1.19,0.11,0.09,2.43,5.43,0.05,0.02,0.0,0.07,0.02,0.02,0.05,0.0,3.95,0.0,0.05,0.0,0.04,0.0,0.05,0.0,0.0,0.04,0.05,0.07,0.11,0.14,0.27,1.1,44.69
יקנעם עילית,17627,12325,91,12234,561,101,1,8,445,15,2,0,9,214,6,3,0,0,671,1,1020,4292,223,338,3,0,1,398,13,0,1,3528,4,1,3,0,1,13,0,0,1,11,2,0,4,2,338,21,4.59,0.83,0.01,0.07,3.64,0.12,0.02,0.0,0.07,1.75,0.05,0.02,0.0,0.0,5.48,0.01,8.34,35.08,1.82,2.76,0.02,0.0,0.01,3.25,0.11,0.0,0.01,28.84,0.03,0.01,0.02,0.0,0.01,0.11,0.0,0.0,0.01,0.09,0.02,0.0,0.03,0.02,2.76,69.92
ירוחם,7230,4807,54,4753,88,306,33,3,164,2,0,0,7,244,1,0,0,1,207,2,231,1987,42,308,0,0,3,118,5,0,0,502,1,0,2,0,0,4,0,0,1,4,3,0,1,3,480,21,1.85,6.44,0.69,0.06,3.45,0.04,0.0,0.0,0.15,5.13,0.02,0.0,0.0,0.02,4.36,0.04,4.86,41.81,0.88,6.48,0.0,0.0,0.06,2.48,0.11,0.0,0.0,10.56,0.02,0.0,0.04,0.0,0.0,0.08,0.0,0.0,0.02,0.08,0.06,0.0,0.02,0.06,10.1,66.49
ירושלים,410258,262103,2054,260049,7764,60632,407,1740,6946,49,11,0,83,17662,38,46,10,9,5203,10,4054,64380,8430,11599,27,0,75,3933,87,12,11,30576,50,24,17,14,41,73,21,0,13,105,20,12,44,48,35773,21,2.99,23.32,0.16,0.67,2.67,0.02,0.0,0.0,0.03,6.79,0.01,0.02,0.0,0.0,2.0,0.0,1.56,24.76,3.24,4.46,0.01,0.0,0.03,1.51,0.03,0.0,0.0,11.76,0.02,0.01,0.01,0.01,0.02,0.03,0.01,0.0,0.0,0.04,0.01,0.0,0.02,0.02,13.76,63.89
ירכא,10483,7155,81,7074,95,35,7,242,4,1,0,0,1,4,4,1,0,0,189,2,617,2481,445,94,12,0,11,7,2,0,1,2051,2,9,1,3,2,92,0,0,2,9,1,2,3,3,639,21,1.34,0.49,0.1,3.42,0.06,0.01,0.0,0.0,0.01,0.06,0.06,0.01,0.0,0.0,2.67,0.03,8.72,35.07,6.29,1.33,0.17,0.0,0.16,0.1,0.03,0.0,0.01,28.99,0.03,0.13,0.01,0.04,0.03,1.3,0.0,0.0,0.03,0.13,0.01,0.03,0.04,0.04,9.03,68.25
כאבול,7857,5057,38,5019,8,15,2188,2439,2,0,0,0,0,5,3,0,0,0,43,1,0,13,113,3,0,0,0,24,3,0,0,19,0,1,0,1,0,4,0,0,1,4,1,0,1,19,108,21,0.16,0.3,43.59,48.6,0.04,0.0,0.0,0.0,0.0,0.1,0.06,0.0,0.0,0.0,0.86,0.02,0.0,0.26,2.25,0.06,0.0,0.0,0.0,0.48,0.06,0.0,0.0,0.38,0.0,0.02,0.0,0.02,0.0,0.08,0.0,0.0,0.02,0.08,0.02,0.0,0.02,0.38,2.15,64.36
כאוכב אבו אל-היג'א,2559,1626,9,1617,4,0,728,825,1,0,1,0,0,0,0,0,0,0,0,0,0,3,38,0,0,0,0,4,0,0,0,11,0,1,0,1,0,0,0,0,0,0,0,0,0,0,0,21,0.25,0.0,45.02,51.02,0.06,0.0,0.06,0.0,0.0,0.0,0.0,0.0,0.0,0.0,0.0,0.0,0.0,0.19,2.35,0.0,0.0,0.0,0.0,0.25,0.0,0.0,0.0,0.68,0.0,0.06,0.0,0.06,0.0,0.0,0.0,0.0,0.0,0.0,0.0,0.0,0.0,0.0,0.0,63.54
כוכב יאיר,7751,6016,8,6008,527,6,0,4,112,0,0,0,1,118,0,0,0,1,123,0,85,968,282,448,3,0,3,161,2,0,0,3135,1,0,0,0,0,3,0,0,0,2,0,0,1,0,22,21,8.77,0.1,0.0,0.07,1.86,0.0,0.0,0.0,0.02,1.96,0.0,0.0,0.0,0.02,2.05,0.0,1.41,16.11,4.69,7.46,0.05,0.0,0.05,2.68,0.03,0.0,0.0,52.18,0.02,0.0,0.0,0.0,0.0,0.05,0.0,0.0,0.0,0.03,0.0,0.0,0.02,0.0,0.37,77.62
כסייפה,8117,3356,32,3324,29,1,2640,214,2,2,1,0,1,2,0,0,0,1,36,0,0,25,141,3,1,0,7,0,1,2,5,146,1,2,1,0,1,2,0,0,5,4,7,1,5,4,31,21,0.87,0.03,79.42,6.44,0.06,0.06,0.03,0.0,0.03,0.06,0.0,0.0,0.0,0.03,1.08,0.0,0.0,0.75,4.24,0.09,0.03,0.0,0.21,0.0,0.03,0.06,0.15,4.39,0.03,0.06,0.03,0.0,0.03,0.06,0.0,0.0,0.15,0.12,0.21,0.03,0.15,0.12,0.93,41.35
כסרא - סמיע,5527,3888,14,3874,212,1,16,44,1,0,0,0,0,170,68,0,2,1,250,1,829,985,330,52,0,0,11,1,0,0,1,711,0,1,0,0,1,42,0,0,1,2,1,6,1,0,133,21,5.47,0.03,0.41,1.14,0.03,0.0,0.0,0.0,0.0,4.39,1.76,0.0,0.05,0.03,6.45,0.03,21.4,25.43,8.52,1.34,0.0,0.0,0.28,0.03,0.0,0.0,0.03,18.35,0.0,0.03,0.0,0.0,0.03,1.08,0.0,0.0,0.03,0.05,0.03,0.15,0.03,0.0,3.43,70.35
כעביה - טבאש - חג'אג'רה,3583,1556,31,1525,266,2,263,251,1,0,0,0,1,57,1,0,2,1,38,1,0,29,62,2,2,0,97,1,0,1,0,401,0,1,0,1,1,3,0,0,1,1,1,2,3,30,2,21,17.44,0.13,17.25,16.46,0.07,0.0,0.0,0.0,0.07,3.74,0.07,0.0,0.13,0.07,2.49,0.07,0.0,1.9,4.07,0.13,0.13,0.0,6.36,0.07,0.0,0.07,0.0,26.3,0.0,0.07,0.0,0.07,0.07,0.2,0.0,0.0,0.07,0.07,0.07,0.13,0.2,1.97,0.13,43.43
כפר ברא,2279,1476,5,1471,2,0,658,344,0,0,0,0,0,3,0,0,0,0,3,0,0,6,395,1,0,0,0,2,0,2,0,30,0,0,0,0,1,0,0,0,0,0,0,0,0,2,22,21,0.14,0.0,44.73,23.39,0.0,0.0,0.0,0.0,0.0,0.2,0.0,0.0,0.0,0.0,0.2,0.0,0.0,0.41,26.85,0.07,0.0,0.0,0.0,0.14,0.0,0.14,0.0,2.04,0.0,0.0,0.0,0.0,0.07,0.0,0.0,0.0,0.0,0.0,0.0,0.0,0.0,0.14,1.5,64.77
כפר ורדים,4664,3452,9,3443,432,3,11,16,49,0,0,0,2,28,1,0,0,0,168,0,35,415,287,84,0,0,1,115,3,0,1,1771,0,3,0,0,0,0,0,0,0,5,0,0,1,0,12,21,12.55,0.09,0.32,0.46,1.42,0.0,0.0,0.0,0.06,0.81,0.03,0.0,0.0,0.0,4.88,0.0,1.02,12.05,8.34,2.44,0.0,0.0,0.03,3.34,0.09,0.0,0.03,51.44,0.0,0.09,0.0,0.0,0.0,0.0,0.0,0.0,0.0,0.15,0.0,0.0,0.03,0.0,0.35,74.01
כפר יאסיף,7785,4739,43,4696,42,0,649,3220,3,0,0,0,2,3,5,0,0,0,82,1,12,106,348,3,0,0,2,0,1,0,1,155,1,2,0,0,2,8,0,0,1,2,1,1,0,5,38,21,0.89,0.0,13.82,68.57,0.06,0.0,0.0,0.0,0.04,0.06,0.11,0.0,0.0,0.0,1.75,0.02,0.26,2.26,7.41,0.06,0.0,0.0,0.04,0.0,0.02,0.0,0.02,3.3,0.02,0.04,0.0,0.0,0.04,0.17,0.0,0.0,0.02,0.04,0.02,0.02,0.0,0.11,0.81,60.87
כפר יונה,15429,11417,75,11342,536,155,2,4,354,3,0,0,8,160,1,1,0,1,638,0,177,3959,183,293,9,0,3,257,6,0,2,4245,0,0,0,0,0,10,2,0,1,15,2,3,4,0,308,21,4.73,1.37,0.02,0.04,3.12,0.03,0.0,0.0,0.07,1.41,0.01,0.01,0.0,0.01,5.63,0.0,1.56,34.91,1.61,2.58,0.08,0.0,0.03,2.27,0.05,0.0,0.02,37.43,0.0,0.0,0.0,0.0,0.0,0.09,0.02,0.0,0.01,0.13,0.02,0.03,0.04,0.0,2.72,74.0
כפר כמא,2555,1075,13,1062,94,0,14,32,2,1,1,0,1,0,1,0,0,1,43,0,1,13,110,0,5,0,4,10,1,0,0,719,0,0,0,0,0,1,0,0,1,3,0,0,0,1,3,21,8.85,0.0,1.32,3.01,0.19,0.09,0.09,0.0,0.09,0.0,0.09,0.0,0.0,0.09,4.05,0.0,0.09,1.22,10.36,0.0,0.47,0.0,0.38,0.94,0.09,0.0,0.0,67.7,0.0,0.0,0.0,0.0,0.0,0.09,0.0,0.0,0.09,0.28,0.0,0.0,0.0,0.09,0.28,42.07
כפר כנא,14304,6919,90,6829,134,3,3174,2481,3,1,0,0,0,6,0,1,2,3,183,1,32,54,187,7,2,0,179,8,1,3,1,157,1,2,1,1,1,11,3,0,2,7,2,3,4,87,81,21,1.96,0.04,46.48,36.33,0.04,0.01,0.0,0.0,0.0,0.09,0.0,0.01,0.03,0.04,2.68,0.01,0.47,0.79,2.74,0.1,0.03,0.0,2.62,0.12,0.01,0.04,0.01,2.3,0.01,0.03,0.01,0.01,0.01,0.16,0.04,0.0,0.03,0.1,0.03,0.04,0.06,1.27,1.19,48.37
כפר מנדא,12249,7593,77,7516,27,3,2455,3526,2,0,0,0,0,9,1,1,2,1,146,3,1,62,423,7,1,0,0,0,1,1,0,76,1,0,1,0,4,6,5,0,3,3,2,0,6,16,721,21,0.36,0.04,32.66,46.91,0.03,0.0,0.0,0.0,0.0,0.12,0.01,0.01,0.03,0.01,1.94,0.04,0.01,0.82,5.63,0.09,0.01,0.0,0.0,0.0,0.01,0.01,0.0,1.01,0.01,0.0,0.01,0.0,0.05,0.08,0.07,0.0,0.04,0.04,0.03,0.0,0.08,0.21,9.59,61.99
כפר סבא,80130,58662,239,58423,4435,364,26,74,1296,18,3,0,25,1244,10,13,1,2,1839,4,1388,13978,2651,1611,13,0,24,1243,39,2,1,26837,8,3,4,2,5,31,3,0,3,48,9,11,9,2,1144,21,7.59,0.62,0.04,0.13,2.22,0.03,0.01,0.0,0.04,2.13,0.02,0.02,0.0,0.0,3.15,0.01,2.38,23.93,4.54,2.76,0.02,0.0,0.04,2.13,0.07,0.0,0.0,45.94,0.01,0.01,0.01,0.0,0.01,0.05,0.01,0.0,0.01,0.08,0.02,0.02,0.02,0.0,1.96,73.21
כפר קאסם,14659,9472,120,9352,40,0,3057,2238,2,0,1,0,2,5,0,1,0,1,36,4,2,45,3623,5,2,0,4,3,3,0,1,227,1,1,0,2,2,9,2,0,3,2,3,1,1,5,18,21,0.43,0.0,32.69,23.93,0.02,0.0,0.01,0.0,0.02,0.05,0.0,0.01,0.0,0.01,0.38,0.04,0.02,0.48,38.74,0.05,0.02,0.0,0.04,0.03,0.03,0.0,0.01,2.43,0.01,0.01,0.0,0.02,0.02,0.1,0.02,0.0,0.03,0.02,0.03,0.01,0.01,0.05,0.19,64.62
כפר קרע,12611,5954,57,5897,63,0,2328,2477,1,0,1,0,1,2,1,0,0,0,25,4,2,54,592,7,4,0,39,3,1,0,1,139,0,21,1,0,0,3,14,0,3,4,2,1,2,27,74,21,1.07,0.0,39.48,42.0,0.02,0.0,0.02,0.0,0.02,0.03,0.02,0.0,0.0,0.0,0.42,0.07,0.03,0.92,10.04,0.12,0.07,0.0,0.66,0.05,0.02,0.0,0.02,2.36,0.0,0.36,0.02,0.0,0.0,0.05,0.24,0.0,0.05,0.07,0.03,0.02,0.03,0.46,1.25,47.21
כפר שמריהו,1864,1219,8,1211,94,6,0,2,13,0,0,0,0,5,1,0,0,0,16,0,8,180,73,23,0,0,1,28,0,0,0,756,0,0,0,0,0,0,0,0,0,1,0,0,0,0,4,21,7.76,0.5,0.0,0.17,1.07,0.0,0.0,0.0,0.0,0.41,0.08,0.0,0.0,0.0,1.32,0.0,0.66,14.86,6.03,1.9,0.0,0.0,0.08,2.31,0.0,0.0,0.0,62.43,0.0,0.0,0.0,0.0,0.0,0.0,0.0,0.0,0.0,0.08,0.0,0.0,0.0,0.0,0.33,65.4
כפר תבור,3310,2483,9,2474,209,2,0,6,59,0,0,0,2,34,0,0,0,1,77,0,20,538,66,76,0,0,4,103,1,1,0,1256,0,0,0,0,0,0,0,0,0,1,0,0,0,0,18,21,8.45,0.08,0.0,0.24,2.38,0.0,0.0,0.0,0.08,1.37,0.0,0.0,0.0,0.04,3.11,0.0,0.81,21.75,2.67,3.07,0.0,0.0,0.16,4.16,0.04,0.04,0.0,50.77,0.0,0.0,0.0,0.0,0.0,0.0,0.0,0.0,0.0,0.04,0.0,0.0,0.0,0.0,0.73,75.02
כרמיאל,41234,24970,259,24711,818,695,86,146,792,5,3,0,9,355,11,3,3,4,1133,0,4038,8038,395,499,8,0,20,447,60,0,1,6557,1,1,2,2,3,16,1,0,3,25,3,4,5,19,500,21,3.31,2.81,0.35,0.59,3.21,0.02,0.01,0.0,0.04,1.44,0.04,0.01,0.01,0.02,4.59,0.0,16.34,32.53,1.6,2.02,0.03,0.0,0.08,1.81,0.24,0.0,0.0,26.53,0.0,0.0,0.01,0.01,0.01,0.06,0.0,0.0,0.01,0.1,0.01,0.02,0.02,0.08,2.02,60.56
לב השרון,15877,12360,53,12307,1167,76,5,13,304,2,0,0,6,156,2,0,0,1,441,0,37,2882,501,319,1,0,7,273,5,0,0,5869,0,0,0,0,0,7,2,0,1,4,0,1,1,0,224,21,9.48,0.62,0.04,0.11,2.47,0.02,0.0,0.0,0.05,1.27,0.02,0.0,0.0,0.01,3.58,0.0,0.3,23.42,4.07,2.59,0.01,0.0,0.06,2.22,0.04,0.0,0.0,47.69,0.0,0.0,0.0,0.0,0.0,0.06,0.02,0.0,0.01,0.03,0.0,0.01,0.01,0.0,1.82,77.85
להבים,4867,3803,7,3796,365,4,12,24,110,0,0,0,1,28,0,0,0,0,127,0,29,790,186,151,0,0,0,128,1,0,0,1821,0,0,0,0,0,0,1,0,0,3,0,0,0,0,15,21,9.62,0.11,0.32,0.63,2.9,0.0,0.0,0.0,0.03,0.74,0.0,0.0,0.0,0.0,3.35,0.0,0.76,20.81,4.9,3.98,0.0,0.0,0.0,3.37,0.03,0.0,0.0,47.97,0.0,0.0,0.0,0.0,0.0,0.0,0.03,0.0,0.0,0.08,0.0,0.0,0.0,0.0,0.4,78.14
לוד,54846,30790,314,30476,523,342,1136,2198,933,7,1,0,31,1863,14,4,2,5,1425,9,2970,11388,456,965,7,0,31,317,73,10,46,3757,13,2,9,7,8,29,6,0,4,44,5,12,15,21,1788,21,1.72,1.12,3.73,7.21,3.06,0.02,0.0,0.0,0.1,6.11,0.05,0.01,0.01,0.02,4.68,0.03,9.75,37.37,1.5,3.17,0.02,0.0,0.1,1.04,0.24,0.03,0.15,12.33,0.04,0.01,0.03,0.02,0.03,0.1,0.02,0.0,0.01,0.14,0.02,0.04,0.05,0.07,5.87,56.14
לכיש,7643,5901,14,5887,260,99,4,1,147,0,1,0,1,739,0,0,0,0,189,0,24,1974,119,346,0,0,6,135,3,0,0,1387,1,0,0,2,1,2,0,0,0,0,0,0,0,0,446,21,4.42,1.68,0.07,0.02,2.5,0.0,0.02,0.0,0.02,12.55,0.0,0.0,0.0,0.0,3.21,0.0,0.41,33.53,2.02,5.88,0.0,0.0,0.1,2.29,0.05,0.0,0.0,23.56,0.02,0.0,0.0,0.03,0.02,0.03,0.0,0.0,0.0,0.0,0.0,0.0,0.0,0.0,7.58,77.21
לקיה,7305,1676,19,1657,12,0,1258,120,3,0,2,0,2,0,0,0,0,1,60,1,0,26,71,4,0,0,1,0,0,1,1,80,1,1,0,0,0,3,0,0,1,2,2,1,1,0,2,21,0.72,0.0,75.92,7.24,0.18,0.0,0.12,0.0,0.12,0.0,0.0,0.0,0.0,0.06,3.62,0.06,0.0,1.57,4.28,0.24,0.0,0.0,0.06,0.0,0.0,0.06,0.06,4.83,0.06,0.06,0.0,0.0,0.0,0.18,0.0,0.0,0.06,0.12,0.12,0.06,0.06,0.0,0.12,22.94
מבואות החרמון,5523,4027,14,4013,353,16,0,2,129,0,0,0,4,55,2,0,0,2,237,0,25,1110,126,104,0,0,21,219,2,0,0,1518,1,0,0,0,1,4,0,0,0,5,1,1,0,0,75,21,8.8,0.4,0.0,0.05,3.21,0.0,0.0,0.0,0.1,1.37,0.05,0.0,0.0,0.05,5.91,0.0,0.62,27.66,3.14,2.59,0.0,0.0,0.52,5.46,0.05,0.0,0.0,37.83,0.02,0.0,0.0,0.0,0.02,0.1,0.0,0.0,0.0,0.12,0.02,0.02,0.0,0.0,1.87,72.91
מבשרת ציון,18871,13883,37,13846,1000,81,3,23,299,1,0,0,3,409,7,5,0,0,557,1,110,4940,831,439,3,0,3,330,3,0,2,4309,2,0,0,0,0,3,0,0,2,15,5,3,0,0,457,21,7.22,0.59,0.02,0.17,2.16,0.01,0.0,0.0,0.02,2.95,0.05,0.04,0.0,0.0,4.02,0.01,0.79,35.68,6.0,3.17,0.02,0.0,0.02,2.38,0.02,0.0,0.01,31.12,0.01,0.0,0.0,0.0,0.0,0.02,0.0,0.0,0.01,0.11,0.04,0.02,0.0,0.0,3.3,73.57
מג'ד אל-כרום,10104,6170,24,6146,20,8,2303,3305,1,2,1,0,1,5,0,0,2,0,4,2,1,16,280,3,1,0,0,3,2,0,1,48,2,3,1,1,3,3,1,0,8,4,0,6,2,11,92,21,0.33,0.13,37.47,53.77,0.02,0.03,0.02,0.0,0.02,0.08,0.0,0.0,0.03,0.0,0.07,0.03,0.02,0.26,4.56,0.05,0.02,0.0,0.0,0.05,0.03,0.0,0.02,0.78,0.03,0.05,0.02,0.02,0.05,0.05,0.02,0.0,0.13,0.07,0.0,0.1,0.03,0.18,1.5,61.06
מג'דל שמס,801,139,2,137,5,0,0,0,1,0,0,0,0,1,0,0,0,0,7,0,3,37,8,6,0,0,0,0,0,0,0,64,0,0,0,0,0,1,1,0,0,0,0,0,1,0,2,21,3.65,0.0,0.0,0.0,0.73,0.0,0.0,0.0,0.0,0.73,0.0,0.0,0.0,0.0,5.11,0.0,2.19,27.01,5.84,4.38,0.0,0.0,0.0,0.0,0.0,0.0,0.0,46.72,0.0,0.0,0.0,0.0,0.0,0.73,0.73,0.0,0.0,0.0,0.0,0.0,0.73,0.0,1.46,17.35
מג'אר,15692,7464,124,7340,128,6,1483,1703,9,1,0,0,1,5,5,3,0,1,102,4,206,215,476,33,58,0,10,4,1,2,3,2296,3,8,2,2,7,7,1,0,1,6,3,1,6,4,534,21,1.74,0.08,20.2,23.2,0.12,0.01,0.0,0.0,0.01,0.07,0.07,0.04,0.0,0.01,1.39,0.05,2.81,2.93,6.49,0.45,0.79,0.0,0.14,0.05,0.01,0.03,0.04,31.28,0.04,0.11,0.03,0.03,0.1,0.1,0.01,0.0,0.01,0.08,0.04,0.01,0.08,0.05,7.28,47.57
מגדל,1388,934,1,933,16,19,1,0,29,0,2,0,0,42,0,0,0,0,28,0,7,517,3,22,0,0,0,17,3,0,0,103,0,0,0,0,0,0,0,0,0,0,0,0,0,0,124,21,1.71,2.04,0.11,0.0,3.11,0.0,0.21,0.0,0.0,4.5,0.0,0.0,0.0,0.0,3.0,0.0,0.75,55.41,0.32,2.36,0.0,0.0,0.0,1.82,0.32,0.0,0.0,11.04,0.0,0.0,0.0,0.0,0.0,0.0,0.0,0.0,0.0,0.0,0.0,0.0,0.0,0.0,13.29,67.29
מגדל העמק,21275,13457,108,13349,279,249,4,12,407,6,0,0,11,578,0,0,1,7,595,2,2052,5198,69,183,7,0,7,176,53,2,1,1664,4,2,2,2,1,9,0,0,1,7,1,2,2,7,1746,21,2.09,1.87,0.03,0.09,3.05,0.04,0.0,0.0,0.08,4.33,0.0,0.0,0.01,0.05,4.46,0.01,15.37,38.94,0.52,1.37,0.05,0.0,0.05,1.32,0.4,0.01,0.01,12.47,0.03,0.01,0.01,0.01,0.01,0.07,0.0,0.0,0.01,0.05,0.01,0.01,0.01,0.05,13.08,63.25
מגידו,9019,6629,13,6616,1138,25,4,16,107,0,0,0,1,33,5,0,0,4,103,0,27,920,938,111,1,0,0,121,2,0,0,2931,2,0,0,0,0,12,1,0,1,1,0,1,0,0,111,21,17.2,0.38,0.06,0.24,1.62,0.0,0.0,0.0,0.02,0.5,0.08,0.0,0.0,0.06,1.56,0.0,0.41,13.91,14.18,1.68,0.02,0.0,0.0,1.83,0.03,0.0,0.0,44.3,0.03,0.0,0.0,0.0,0.0,0.18,0.02,0.0,0.02,0.02,0.0,0.02,0.0,0.0,1.68,73.5
מודיעין-מכבים-רעות,61450,47975,138,47837,3245,261,10,39,1326,26,1,0,15,1599,15,4,0,4,1923,2,774,10870,1700,3434,4,0,26,1626,19,1,1,20233,6,2,2,1,2,18,4,0,0,44,5,1,4,1,589,21,6.78,0.55,0.02,0.08,2.77,0.05,0.0,0.0,0.03,3.34,0.03,0.01,0.0,0.01,4.02,0.0,1.62,22.72,3.55,7.18,0.01,0.0,0.05,3.4,0.04,0.0,0.0,42.3,0.01,0.0,0.0,0.0,0.0,0.04,0.01,0.0,0.0,0.09,0.01,0.0,0.01,0.0,1.23,78.07
מזכרת בתיה,10351,8088,23,8065,476,28,2,3,184,4,0,0,6,167,8,0,0,0,389,2,137,2094,265,445,0,0,11,293,1,0,0,3413,3,0,0,0,1,5,1,0,0,9,0,0,0,1,117,21,5.9,0.35,0.02,0.04,2.28,0.05,0.0,0.0,0.07,2.07,0.1,0.0,0.0,0.0,4.82,0.02,1.7,25.96,3.29,5.52,0.0,0.0,0.14,3.63,0.01,0.0,0.0,42.32,0.04,0.0,0.0,0.0,0.01,0.06,0.01,0.0,0.0,0.11,0.0,0.0,0.0,0.01,1.45,78.14
מזרעה,2852,1685,7,1678,29,0,317,1111,0,0,0,0,1,1,0,0,0,0,5,0,0,3,110,0,1,0,13,0,0,0,1,40,0,0,0,0,4,1,1,0,0,0,0,1,0,34,5,21,1.73,0.0,18.89,66.21,0.0,0.0,0.0,0.0,0.06,0.06,0.0,0.0,0.0,0.0,0.3,0.0,0.0,0.18,6.56,0.0,0.06,0.0,0.77,0.0,0.0,0.0,0.06,2.38,0.0,0.0,0.0,0.0,0.24,0.06,0.06,0.0,0.0,0.0,0.0,0.06,0.0,2.03,0.3,59.08
מטה אשר,21263,15054,67,14987,1974,39,392,521,274,2,0,0,5,96,3,2,1,1,391,4,99,2331,1668,272,10,0,9,427,3,1,0,6181,0,1,3,1,2,34,0,0,0,18,2,1,3,4,212,21,13.17,0.26,2.62,3.48,1.83,0.01,0.0,0.0,0.03,0.64,0.02,0.01,0.01,0.01,2.61,0.03,0.66,15.55,11.13,1.81,0.07,0.0,0.06,2.85,0.02,0.01,0.0,41.24,0.0,0.01,0.02,0.01,0.01,0.23,0.0,0.0,0.0,0.12,0.01,0.01,0.02,0.03,1.41,70.8
מטה יהודה,36322,26982,144,26838,2381,228,109,422,870,2,2,0,11,718,12,7,0,1,1019,3,219,7890,1913,1402,6,0,13,712,4,0,2,7859,1,2,1,2,4,14,2,0,0,25,1,8,6,12,955,21,8.87,0.85,0.41,1.57,3.24,0.01,0.01,0.0,0.04,2.68,0.04,0.03,0.0,0.0,3.8,0.01,0.82,29.4,7.13,5.22,0.02,0.0,0.05,2.65,0.01,0.0,0.01,29.28,0.0,0.01,0.0,0.01,0.01,0.05,0.01,0.0,0.0,0.09,0.0,0.03,0.02,0.04,3.56,74.29
מטולה,1417,925,2,923,98,2,0,1,46,1,0,0,0,11,0,0,0,0,39,0,19,131,52,30,0,0,0,39,6,0,0,441,0,0,0,0,0,1,0,0,0,2,0,0,0,0,4,21,10.62,0.22,0.0,0.11,4.98,0.11,0.0,0.0,0.0,1.19,0.0,0.0,0.0,0.0,4.23,0.0,2.06,14.19,5.63,3.25,0.0,0.0,0.0,4.23,0.65,0.0,0.0,47.78,0.0,0.0,0.0,0.0,0.0,0.11,0.0,0.0,0.0,0.22,0.0,0.0,0.0,0.0,0.43,65.28
מיתר,6718,5155,11,5144,374,10,5,5,152,1,0,0,1,225,0,0,0,1,265,0,32,1263,170,404,0,0,3,169,2,0,0,2014,2,1,0,0,0,4,0,0,0,3,0,0,0,0,38,21,7.27,0.19,0.1,0.1,2.95,0.02,0.0,0.0,0.02,4.37,0.0,0.0,0.0,0.02,5.15,0.0,0.62,24.55,3.3,7.85,0.0,0.0,0.06,3.29,0.04,0.0,0.0,39.15,0.04,0.02,0.0,0.0,0.0,0.08,0.0,0.0,0.0,0.06,0.0,0.0,0.0,0.0,0.74,76.73
מנשה,13831,9737,27,9710,1261,12,242,412,173,3,1,0,5,220,2,0,0,0,190,0,83,901,1353,248,4,0,3,162,0,1,1,4331,2,1,1,0,1,5,0,0,1,8,1,1,1,5,75,21,12.99,0.12,2.49,4.24,1.78,0.03,0.01,0.0,0.05,2.27,0.02,0.0,0.0,0.0,1.96,0.0,0.85,9.28,13.93,2.55,0.04,0.0,0.03,1.67,0.0,0.01,0.01,44.6,0.02,0.01,0.01,0.0,0.01,0.05,0.0,0.0,0.01,0.08,0.01,0.01,0.01,0.05,0.77,70.4
מסעדה,326,71,0,71,1,0,0,1,2,0,0,0,0,1,0,0,0,0,8,0,3,20,1,2,0,0,0,2,0,0,0,27,0,0,0,0,0,0,0,0,0,0,0,0,0,0,3,21,1.41,0.0,0.0,1.41,2.82,0.0,0.0,0.0,0.0,1.41,0.0,0.0,0.0,0.0,11.27,0.0,4.23,28.17,1.41,2.82,0.0,0.0,0.0,2.82,0.0,0.0,0.0,38.03,0.0,0.0,0.0,0.0,0.0,0.0,0.0,0.0,0.0,0.0,0.0,0.0,0.0,0.0,4.23,21.78
מעיליא,2508,1544,16,1528,9,0,207,663,1,0,0,0,0,0,4,1,1,0,75,1,22,10,337,2,0,0,0,0,0,0,1,186,0,1,1,0,0,0,0,0,0,2,0,1,1,1,1,21,0.59,0.0,13.55,43.39,0.07,0.0,0.0,0.0,0.0,0.0,0.26,0.07,0.07,0.0,4.91,0.07,1.44,0.65,22.05,0.13,0.0,0.0,0.0,0.0,0.0,0.0,0.07,12.17,0.0,0.07,0.07,0.0,0.0,0.0,0.0,0.0,0.0,0.13,0.0,0.07,0.07,0.07,0.07,61.56
מעלה יוסף,7791,5714,11,5703,342,29,1,8,144,0,0,0,10,119,1,0,0,0,418,0,62,2315,167,125,0,0,5,218,2,0,0,1265,1,3,0,0,1,7,1,0,0,10,1,0,1,0,447,21,6.0,0.51,0.02,0.14,2.52,0.0,0.0,0.0,0.18,2.09,0.02,0.0,0.0,0.0,7.33,0.0,1.09,40.59,2.93,2.19,0.0,0.0,0.09,3.82,0.04,0.0,0.0,22.18,0.02,0.05,0.0,0.0,0.02,0.12,0.02,0.0,0.0,0.18,0.02,0.0,0.02,0.0,7.84,73.34
מעלה עירון,9605,3567,41,3526,5,1,1535,1539,0,0,0,0,0,3,2,0,1,1,31,3,3,47,132,2,3,0,0,2,1,0,0,42,0,0,1,0,2,1,1,0,0,1,0,0,4,3,160,21,0.14,0.03,43.53,43.65,0.0,0.0,0.0,0.0,0.0,0.09,0.06,0.0,0.03,0.03,0.88,0.09,0.09,1.33,3.74,0.06,0.09,0.0,0.0,0.06,0.03,0.0,0.0,1.19,0.0,0.0,0.03,0.0,0.06,0.03,0.03,0.0,0.0,0.03,0.0,0.0,0.11,0.09,4.54,37.14
מעלות-תרשיחא,17972,10715,104,10611,181,95,556,928,368,2,1,0,3,522,11,5,1,2,342,2,1757,3211,336,198,3,0,40,101,45,1,2,1249,0,2,1,0,3,7,1,0,1,14,4,1,2,78,535,21,1.71,0.9,5.24,8.75,3.47,0.02,0.01,0.0,0.03,4.92,0.1,0.05,0.01,0.02,3.22,0.02,16.56,30.26,3.17,1.87,0.03,0.0,0.38,0.95,0.42,0.01,0.02,11.77,0.0,0.02,0.01,0.0,0.03,0.07,0.01,0.0,0.01,0.13,0.04,0.01,0.02,0.74,5.04,59.62
מצפה רמון,3680,2126,21,2105,142,29,15,8,64,0,0,0,1,342,0,1,0,0,58,0,213,641,134,38,0,0,0,34,4,0,0,341,0,1,0,1,0,1,1,0,0,0,0,0,2,3,31,21,6.75,1.38,0.71,0.38,3.04,0.0,0.0,0.0,0.05,16.25,0.0,0.05,0.0,0.0,2.76,0.0,10.12,30.45,6.37,1.81,0.0,0.0,0.0,1.62,0.19,0.0,0.0,16.2,0.0,0.05,0.0,0.05,0.0,0.05,0.05,0.0,0.0,0.0,0.0,0.0,0.1,0.14,1.47,57.77
מרום הגליל,10032,7043,28,7015,344,219,19,31,214,1,0,0,6,553,2,1,1,0,581,0,60,2648,263,187,0,0,8,125,2,0,0,1282,0,0,0,2,2,10,1,0,0,6,0,0,2,0,445,21,4.9,3.12,0.27,0.44,3.05,0.01,0.0,0.0,0.09,7.88,0.03,0.01,0.01,0.0,8.28,0.0,0.86,37.75,3.75,2.67,0.0,0.0,0.11,1.78,0.03,0.0,0.0,18.28,0.0,0.0,0.0,0.03,0.03,0.14,0.01,0.0,0.0,0.09,0.0,0.0,0.03,0.0,6.34,70.21
מרחבים,8520,6630,23,6607,256,711,2,0,252,1,0,0,11,206,0,0,0,0,255,0,32,2495,79,258,3,0,18,197,4,0,0,1271,0,0,1,0,0,4,0,0,0,3,1,0,1,1,545,21,3.87,10.76,0.03,0.0,3.81,0.02,0.0,0.0,0.17,3.12,0.0,0.0,0.0,0.0,3.86,0.0,0.48,37.76,1.2,3.9,0.05,0.0,0.27,2.98,0.06,0.0,0.0,19.24,0.0,0.0,0.02,0.0,0.0,0.06,0.0,0.0,0.0,0.05,0.02,0.0,0.02,0.02,8.25,77.82
משגב,19760,13726,60,13666,1607,15,952,307,223,1,2,0,1,412,6,0,1,3,280,4,74,1103,1267,519,7,0,14,274,6,1,5,6329,3,0,3,3,4,7,0,0,3,12,1,1,2,22,192,21,11.76,0.11,6.97,2.25,1.63,0.01,0.01,0.0,0.01,3.01,0.04,0.0,0.01,0.02,2.05,0.03,0.54,8.07,9.27,3.8,0.05,0.0,0.1,2.0,0.04,0.01,0.04,46.31,0.02,0.0,0.02,0.02,0.03,0.05,0.0,0.0,0.02,0.09,0.01,0.01,0.01,0.16,1.4,69.46
משהד,5463,2692,15,2677,10,0,1024,1486,0,0,0,0,0,2,0,0,0,3,15,0,0,9,42,2,6,0,27,2,1,0,0,28,0,0,0,0,3,0,0,0,0,1,0,0,1,3,12,21,0.37,0.0,38.25,55.51,0.0,0.0,0.0,0.0,0.0,0.07,0.0,0.0,0.0,0.11,0.56,0.0,0.0,0.34,1.57,0.07,0.22,0.0,1.01,0.07,0.04,0.0,0.0,1.05,0.0,0.0,0.0,0.0,0.11,0.0,0.0,0.0,0.0,0.04,0.0,0.0,0.04,0.11,0.45,49.28
נהריה,49909,31409,224,31185,1042,153,21,64,970,24,2,0,42,675,8,2,1,1,1434,7,2988,12951,386,734,21,0,22,895,40,1,2,7238,4,5,9,4,3,31,1,0,1,40,8,2,6,15,1332,21,3.34,0.49,0.07,0.21,3.11,0.08,0.01,0.0,0.13,2.16,0.03,0.01,0.0,0.0,4.6,0.02,9.58,41.53,1.24,2.35,0.07,0.0,0.07,2.87,0.13,0.0,0.01,23.21,0.01,0.02,0.03,0.01,0.01,0.1,0.0,0.0,0.0,0.13,0.03,0.01,0.02,0.05,4.27,62.93
נווה מדבר,3755,1954,18,1936,9,1,1612,49,1,0,0,0,0,3,1,0,0,2,0,2,0,16,54,4,0,0,22,0,2,2,0,127,3,0,0,1,3,3,2,0,1,0,0,1,3,6,6,21,0.46,0.05,83.26,2.53,0.05,0.0,0.0,0.0,0.0,0.15,0.05,0.0,0.0,0.1,0.0,0.1,0.0,0.83,2.79,0.21,0.0,0.0,1.14,0.0,0.1,0.1,0.0,6.56,0.15,0.0,0.0,0.05,0.15,0.15,0.1,0.0,0.05,0.0,0.0,0.05,0.15,0.31,0.31,52.04
נחל שורק,4717,4022,12,4010,6,819,0,0,142,0,0,0,1,1416,1,0,0,0,44,0,0,661,4,627,0,0,1,18,0,0,0,59,0,0,0,0,2,0,0,0,0,0,0,0,0,0,209,21,0.15,20.42,0.0,0.0,3.54,0.0,0.0,0.0,0.02,35.31,0.02,0.0,0.0,0.0,1.1,0.0,0.0,16.48,0.1,15.64,0.0,0.0,0.02,0.45,0.0,0.0,0.0,1.47,0.0,0.0,0.0,0.0,0.05,0.0,0.0,0.0,0.0,0.0,0.0,0.0,0.0,0.0,5.21,85.27
נחף,8240,4289,11,4278,13,3,1411,1843,6,0,0,0,0,7,3,0,0,1,25,2,3,11,178,0,3,0,0,1,0,0,0,42,0,3,1,0,1,1,1,0,1,3,1,1,3,694,16,21,0.3,0.07,32.98,43.08,0.14,0.0,0.0,0.0,0.0,0.16,0.07,0.0,0.0,0.02,0.58,0.05,0.07,0.26,4.16,0.0,0.07,0.0,0.0,0.02,0.0,0.0,0.0,0.98,0.0,0.07,0.02,0.0,0.02,0.02,0.02,0.0,0.02,0.07,0.02,0.02,0.07,16.22,0.37,52.05
נס ציונה,33516,25645,121,25524,1761,163,3,24,612,8,3,0,13,272,2,1,1,2,1128,2,333,6401,772,579,1,0,12,780,7,1,0,12055,4,1,2,2,1,10,4,0,1,13,1,3,4,1,541,21,6.9,0.64,0.01,0.09,2.4,0.03,0.01,0.0,0.05,1.07,0.01,0.0,0.0,0.01,4.42,0.01,1.3,25.08,3.02,2.27,0.0,0.0,0.05,3.06,0.03,0.0,0.0,47.23,0.02,0.0,0.01,0.01,0.0,0.04,0.02,0.0,0.0,0.05,0.0,0.01,0.02,0.0,2.12,76.52
נצרת,57041,22720,315,22405,201,17,6608,12024,7,2,4,0,5,20,2,6,47,7,128,12,49,328,1648,10,4,0,25,23,1,7,6,911,1,6,7,5,10,28,7,0,9,12,11,3,12,163,29,21,0.9,0.08,29.49,53.67,0.03,0.01,0.02,0.0,0.02,0.09,0.01,0.03,0.21,0.03,0.57,0.05,0.22,1.46,7.36,0.04,0.02,0.0,0.11,0.1,0.0,0.03,0.03,4.07,0.0,0.03,0.03,0.02,0.04,0.12,0.03,0.0,0.04,0.05,0.05,0.01,0.05,0.73,0.13,39.83
נשר,19580,12601,79,12522,492,63,8,24,412,6,0,0,4,107,3,1,0,1,819,1,1414,4278,230,215,9,0,5,250,25,1,2,3708,3,1,3,2,0,14,4,0,1,8,3,0,3,0,402,21,3.93,0.5,0.06,0.19,3.29,0.05,0.0,0.0,0.03,0.85,0.02,0.01,0.0,0.01,6.54,0.01,11.29,34.16,1.84,1.72,0.07,0.0,0.04,2.0,0.2,0.01,0.02,29.61,0.02,0.01,0.02,0.02,0.0,0.11,0.03,0.0,0.01,0.06,0.02,0.0,0.02,0.0,3.21,64.36
נתיבות,22599,16955,118,16837,91,1806,5,1,423,0,2,0,16,816,2,1,0,0,489,1,922,5465,24,475,4,0,1,100,12,0,0,536,2,1,1,1,2,2,2,0,0,10,0,2,1,6,5615,21,0.54,10.73,0.03,0.01,2.51,0.0,0.01,0.0,0.1,4.85,0.01,0.01,0.0,0.0,2.9,0.01,5.48,32.46,0.14,2.82,0.02,0.0,0.01,0.59,0.07,0.0,0.0,3.18,0.01,0.01,0.01,0.01,0.01,0.01,0.01,0.0,0.0,0.06,0.0,0.01,0.01,0.04,33.35,75.03
נתניה,181085,109241,818,108423,2891,3186,25,34,3291,26,6,0,65,3631,25,5,7,8,5733,16,7332,41038,1135,3360,33,0,34,1777,158,10,6,24752,23,12,12,14,23,79,9,0,4,84,20,21,55,22,9461,21,2.67,2.94,0.02,0.03,3.04,0.02,0.01,0.0,0.06,3.35,0.02,0.0,0.01,0.01,5.29,0.01,6.76,37.85,1.05,3.1,0.03,0.0,0.03,1.64,0.15,0.01,0.01,22.83,0.02,0.01,0.01,0.01,0.02,0.07,0.01,0.0,0.0,0.08,0.02,0.02,0.05,0.02,8.73,60.33
סאג'ור,2945,1295,7,1288,296,14,0,62,2,0,0,0,0,60,0,0,0,0,144,0,109,127,81,25,5,0,0,5,0,0,0,191,0,1,2,0,0,27,5,0,0,0,0,1,0,15,116,21,22.98,1.09,0.0,4.81,0.16,0.0,0.0,0.0,0.0,4.66,0.0,0.0,0.0,0.0,11.18,0.0,8.46,9.86,6.29,1.94,0.39,0.0,0.0,0.39,0.0,0.0,0.0,14.83,0.0,0.08,0.16,0.0,0.0,2.1,0.39,0.0,0.0,0.0,0.0,0.08,0.0,1.16,9.01,43.97
סביון,3777,2574,6,2568,158,16,3,3,45,1,0,0,0,15,0,0,0,0,32,0,20,510,154,53,0,0,0,44,1,0,0,1501,1,0,1,0,0,0,0,0,0,2,0,0,0,0,8,21,6.15,0.62,0.12,0.12,1.75,0.04,0.0,0.0,0.0,0.58,0.0,0.0,0.0,0.0,1.25,0.0,0.78,19.86,6.0,2.06,0.0,0.0,0.0,1.71,0.04,0.0,0.0,58.45,0.04,0.0,0.04,0.0,0.0,0.0,0.0,0.0,0.0,0.08,0.0,0.0,0.0,0.0,0.31,68.15
סח'נין,21019,17106,84,17022,186,14,10146,5958,1,2,0,0,0,3,2,0,4,3,239,3,4,16,310,7,0,0,5,0,1,3,2,60,0,1,1,0,0,20,1,0,1,5,1,3,1,4,15,21,1.09,0.08,59.61,35.0,0.01,0.01,0.0,0.0,0.0,0.02,0.01,0.0,0.02,0.02,1.4,0.02,0.02,0.09,1.82,0.04,0.0,0.0,0.03,0.0,0.01,0.02,0.01,0.35,0.0,0.01,0.01,0.0,0.0,0.12,0.01,0.0,0.01,0.03,0.01,0.02,0.01,0.02,0.09,81.38
ע'ג'ר,1666,613,14,599,21,1,2,7,0,0,0,0,0,0,0,0,0,2,220,0,5,93,47,1,2,0,0,0,0,1,0,145,0,0,0,2,1,1,0,0,1,10,2,0,3,0,32,21,3.51,0.17,0.33,1.17,0.0,0.0,0.0,0.0,0.0,0.0,0.0,0.0,0.0,0.33,36.73,0.0,0.83,15.53,7.85,0.17,0.33,0.0,0.0,0.0,0.0,0.17,0.0,24.21,0.0,0.0,0.0,0.33,0.17,0.17,0.0,0.0,0.17,1.67,0.33,0.0,0.5,0.0,5.34,36.79
עומר,6432,4839,13,4826,365,11,11,18,94,0,0,0,2,38,0,2,0,0,114,0,33,1244,264,255,0,0,9,156,5,0,0,2184,0,0,2,0,0,2,0,0,0,1,1,0,0,0,15,21,7.56,0.23,0.23,0.37,1.95,0.0,0.0,0.0,0.04,0.79,0.0,0.04,0.0,0.0,2.36,0.0,0.68,25.78,5.47,5.28,0.0,0.0,0.19,3.23,0.1,0.0,0.0,45.25,0.0,0.0,0.04,0.0,0.0,0.04,0.0,0.0,0.0,0.02,0.02,0.0,0.0,0.0,0.31,75.23
עילבון,4097,2639,24,2615,35,1,167,1222,2,1,0,0,0,0,0,2,2,0,117,2,15,71,372,2,7,0,12,0,0,1,0,533,1,1,1,0,0,2,2,0,0,4,0,2,2,2,34,21,1.34,0.04,6.39,46.73,0.08,0.04,0.0,0.0,0.0,0.0,0.0,0.08,0.08,0.0,4.47,0.08,0.57,2.72,14.23,0.08,0.27,0.0,0.46,0.0,0.0,0.04,0.0,20.38,0.04,0.04,0.04,0.0,0.0,0.08,0.08,0.0,0.0,0.15,0.0,0.08,0.08,0.08,1.3,64.41
עילוט,5109,1435,25,1410,70,0,393,685,1,1,0,0,0,1,0,0,0,0,14,0,1,7,39,0,0,0,2,2,0,0,0,16,0,0,1,1,2,0,1,0,2,3,1,0,2,9,156,21,4.96,0.0,27.87,48.58,0.07,0.07,0.0,0.0,0.0,0.07,0.0,0.0,0.0,0.0,0.99,0.0,0.07,0.5,2.77,0.0,0.0,0.0,0.14,0.14,0.0,0.0,0.0,1.13,0.0,0.0,0.07,0.07,0.14,0.0,0.07,0.0,0.14,0.21,0.07,0.0,0.14,0.64,11.06,28.09
עין מאהל,8766,3888,35,3853,10,2,1341,2092,0,0,0,0,2,2,0,0,0,1,52,5,0,15,118,4,1,0,8,7,5,1,0,29,0,0,2,1,2,0,2,0,1,2,1,0,0,21,126,21,0.26,0.05,34.8,54.3,0.0,0.0,0.0,0.0,0.05,0.05,0.0,0.0,0.0,0.03,1.35,0.13,0.0,0.39,3.06,0.1,0.03,0.0,0.21,0.18,0.13,0.03,0.0,0.75,0.0,0.0,0.05,0.03,0.05,0.0,0.05,0.0,0.03,0.05,0.03,0.0,0.0,0.55,3.27,44.35
עין קיניה,134,30,0,30,1,0,0,0,0,0,0,0,0,1,0,0,0,0,3,0,0,13,6,0,0,0,0,0,0,0,0,5,0,0,0,0,0,0,0,0,0,0,0,0,0,0,1,21,3.33,0.0,0.0,0.0,0.0,0.0,0.0,0.0,0.0,3.33,0.0,0.0,0.0,0.0,10.0,0.0,0.0,43.33,20.0,0.0,0.0,0.0,0.0,0.0,0.0,0.0,0.0,16.67,0.0,0.0,0.0,0.0,0.0,0.0,0.0,0.0,0.0,0.0,0.0,0.0,0.0,0.0,3.33,22.39
עכו,41584,24254,330,23924,347,119,2305,2592,505,5,0,0,19,461,3,2,2,4,664,3,2327,9309,466,305,12,0,10,292,48,5,5,2465,4,11,8,5,2,36,2,0,2,28,6,18,9,26,1492,21,1.45,0.5,9.63,10.83,2.11,0.02,0.0,0.0,0.08,1.93,0.01,0.01,0.01,0.02,2.78,0.01,9.73,38.91,1.95,1.27,0.05,0.0,0.04,1.22,0.2,0.02,0.02,10.3,0.02,0.05,0.03,0.02,0.01,0.15,0.01,0.0,0.01,0.12,0.03,0.08,0.04,0.11,6.24,58.33
עמק הירדן,10791,7632,17,7615,1403,23,0,14,163,3,2,0,2,47,1,4,0,2,185,0,50,1394,476,130,0,0,6,269,3,0,0,3364,0,1,0,0,0,5,0,0,0,10,0,2,2,1,53,21,18.42,0.3,0.0,0.18,2.14,0.04,0.03,0.0,0.03,0.62,0.01,0.05,0.0,0.03,2.43,0.0,0.66,18.31,6.25,1.71,0.0,0.0,0.08,3.53,0.04,0.0,0.0,44.18,0.0,0.01,0.0,0.0,0.0,0.07,0.0,0.0,0.0,0.13,0.0,0.03,0.03,0.01,0.7,70.73
עמק המעיינות,9717,7096,28,7068,744,22,0,7,246,0,0,0,3,446,1,0,0,0,124,0,33,1647,330,820,0,0,2,531,4,0,0,1991,0,4,1,2,1,3,0,0,0,2,0,0,1,0,103,21,10.53,0.31,0.0,0.1,3.48,0.0,0.0,0.0,0.04,6.31,0.01,0.0,0.0,0.0,1.75,0.0,0.47,23.3,4.67,11.6,0.0,0.0,0.03,7.51,0.06,0.0,0.0,28.17,0.0,0.06,0.01,0.03,0.01,0.04,0.0,0.0,0.0,0.03,0.0,0.0,0.01,0.0,1.46,73.03
עמק חפר,28949,22256,71,22185,2855,34,7,35,337,6,1,0,9,374,20,0,0,0,498,2,86,2554,1718,510,0,0,36,434,7,0,0,12448,1,7,1,2,4,21,3,0,0,14,1,0,1,0,159,21,12.87,0.15,0.03,0.16,1.52,0.03,0.0,0.0,0.04,1.69,0.09,0.0,0.0,0.0,2.24,0.01,0.39,11.51,7.74,2.3,0.0,0.0,0.16,1.96,0.03,0.0,0.0,56.11,0.0,0.03,0.0,0.01,0.02,0.09,0.01,0.0,0.0,0.06,0.0,0.0,0.0,0.0,0.72,76.88
עמק יזרעאל,27792,21180,60,21120,2772,77,172,84,353,1,1,0,3,339,4,1,1,1,484,1,120,2392,1693,937,2,0,55,512,8,0,1,10965,4,10,1,3,0,10,2,0,2,14,0,4,3,3,85,21,13.12,0.36,0.81,0.4,1.67,0.0,0.0,0.0,0.01,1.61,0.02,0.0,0.0,0.0,2.29,0.0,0.57,11.33,8.02,4.44,0.01,0.0,0.26,2.42,0.04,0.0,0.0,51.92,0.02,0.05,0.0,0.01,0.0,0.05,0.01,0.0,0.01,0.07,0.0,0.02,0.01,0.01,0.4,76.21
עוספייא,8983,4531,59,4472,113,3,232,346,8,0,0,0,3,0,2,18,3,1,574,2,259,118,496,11,10,0,6,8,3,1,0,2142,2,34,1,6,0,16,3,0,0,2,1,3,5,3,37,21,2.53,0.07,5.19,7.74,0.18,0.0,0.0,0.0,0.07,0.0,0.04,0.4,0.07,0.02,12.84,0.04,5.79,2.64,11.09,0.25,0.22,0.0,0.13,0.18,0.07,0.02,0.0,47.9,0.04,0.76,0.02,0.13,0.0,0.36,0.07,0.0,0.0,0.04,0.02,0.07,0.11,0.07,0.83,50.44
עפולה,40352,26116,252,25864,563,886,12,20,822,17,3,0,23,687,7,0,0,2,1279,5,2232,12016,202,540,18,0,9,601,52,2,3,4347,4,2,6,3,3,28,4,0,1,22,6,7,11,7,1412,21,2.18,3.43,0.05,0.08,3.18,0.07,0.01,0.0,0.09,2.66,0.03,0.0,0.0,0.01,4.95,0.02,8.63,46.46,0.78,2.09,0.07,0.0,0.03,2.32,0.2,0.01,0.01,16.81,0.02,0.01,0.02,0.01,0.01,0.11,0.02,0.0,0.0,0.09,0.02,0.03,0.04,0.03,5.46,64.72
עראבה,16252,9661,45,9616,12,16,2600,6709,2,0,2,0,0,3,2,0,2,0,64,2,0,19,103,2,1,0,0,1,2,2,3,38,0,2,5,1,3,0,1,0,1,3,1,0,0,12,2,21,0.12,0.17,27.04,69.77,0.02,0.0,0.02,0.0,0.0,0.03,0.02,0.0,0.02,0.0,0.67,0.02,0.0,0.2,1.07,0.02,0.01,0.0,0.0,0.01,0.02,0.02,0.03,0.4,0.0,0.02,0.05,0.01,0.03,0.0,0.01,0.0,0.01,0.03,0.01,0.0,0.0,0.12,0.02,59.44
ערד,21506,13056,131,12925,428,2893,41,31,360,5,1,0,9,331,2,12,0,1,277,2,1979,2590,209,185,4,0,5,186,39,2,2,3139,4,2,2,2,2,4,0,0,2,15,6,2,1,9,141,21,3.31,22.38,0.32,0.24,2.79,0.04,0.01,0.0,0.07,2.56,0.02,0.09,0.0,0.01,2.14,0.02,15.31,20.04,1.62,1.43,0.03,0.0,0.04,1.44,0.3,0.02,0.02,24.29,0.03,0.02,0.02,0.02,0.02,0.03,0.0,0.0,0.02,0.12,0.05,0.02,0.01,0.07,1.09,60.71
ערערה,12964,5078,56,5022,18,0,1287,2728,2,0,0,0,0,7,2,0,1,1,46,1,3,24,628,1,7,0,1,5,0,0,0,92,0,58,3,1,3,2,3,0,3,3,3,0,4,18,67,21,0.36,0.0,25.63,54.32,0.04,0.0,0.0,0.0,0.0,0.14,0.04,0.0,0.02,0.02,0.92,0.02,0.06,0.48,12.5,0.02,0.14,0.0,0.02,0.1,0.0,0.0,0.0,1.83,0.0,1.15,0.06,0.02,0.06,0.04,0.06,0.0,0.06,0.06,0.06,0.0,0.08,0.36,1.33,39.17
ערערה בנגב,8197,4635,42,4593,8,0,4165,96,7,1,0,0,2,13,0,0,0,0,3,2,0,40,67,9,0,0,2,1,1,1,2,78,1,0,1,0,4,0,1,0,6,3,0,0,2,2,75,21,0.17,0.0,90.68,2.09,0.15,0.02,0.0,0.0,0.04,0.28,0.0,0.0,0.0,0.0,0.07,0.04,0.0,0.87,1.46,0.2,0.0,0.0,0.04,0.02,0.02,0.02,0.04,1.7,0.02,0.0,0.02,0.0,0.09,0.0,0.02,0.0,0.13,0.07,0.0,0.0,0.04,0.04,1.63,56.55
פוריידיס,8490,5437,43,5394,197,8,1106,860,2,0,0,0,0,4,1,0,0,0,563,14,0,622,1555,2,1,0,1,2,1,0,0,107,0,4,2,0,1,2,1,0,1,2,1,0,1,63,270,21,3.65,0.15,20.5,15.94,0.04,0.0,0.0,0.0,0.0,0.07,0.02,0.0,0.0,0.0,10.44,0.26,0.0,11.53,28.83,0.04,0.02,0.0,0.02,0.04,0.02,0.0,0.0,1.98,0.0,0.07,0.04,0.0,0.02,0.04,0.02,0.0,0.02,0.04,0.02,0.0,0.02,1.17,5.01,64.04
פסוטה,2581,1136,4,1132,11,0,72,512,4,0,0,0,0,0,7,0,2,0,39,0,31,16,282,1,0,0,0,0,0,0,0,119,0,0,0,0,0,0,0,0,1,2,0,0,0,0,33,21,0.97,0.0,6.36,45.23,0.35,0.0,0.0,0.0,0.0,0.0,0.62,0.0,0.18,0.0,3.45,0.0,2.74,1.41,24.91,0.09,0.0,0.0,0.0,0.0,0.0,0.0,0.0,10.51,0.0,0.0,0.0,0.0,0.0,0.0,0.0,0.0,0.09,0.18,0.0,0.0,0.0,0.0,2.92,44.01
פקיעין (בוקייעה),4334,2553,34,2519,22,1,21,541,3,0,0,0,0,3,10,1,1,0,133,0,528,56,572,2,1,0,2,16,0,0,0,436,0,9,0,0,1,16,0,0,0,0,0,0,1,2,141,21,0.87,0.04,0.83,21.48,0.12,0.0,0.0,0.0,0.0,0.12,0.4,0.04,0.04,0.0,5.28,0.0,20.96,2.22,22.71,0.08,0.04,0.0,0.08,0.64,0.0,0.0,0.0,17.31,0.0,0.36,0.0,0.0,0.04,0.64,0.0,0.0,0.0,0.0,0.0,0.0,0.04,0.08,5.6,58.91
פרדס חנה - כרכור,30005,21654,103,21551,1921,129,9,49,596,9,0,0,10,523,5,0,0,1,831,1,497,6403,1115,495,12,0,7,401,21,2,2,7735,3,3,1,2,1,26,4,0,1,24,1,2,9,2,698,21,8.91,0.6,0.04,0.23,2.77,0.04,0.0,0.0,0.05,2.43,0.02,0.0,0.0,0.0,3.86,0.0,2.31,29.71,5.17,2.3,0.06,0.0,0.03,1.86,0.1,0.01,0.01,35.89,0.01,0.01,0.0,0.01,0.0,0.12,0.02,0.0,0.0,0.11,0.0,0.01,0.04,0.01,3.24,72.17
פרדסיה,4968,3840,12,3828,304,20,0,14,114,0,0,0,2,39,0,0,0,0,199,0,9,883,80,96,1,0,2,106,3,0,1,1889,0,2,0,0,0,4,0,0,0,2,0,0,0,0,58,21,7.94,0.52,0.0,0.37,2.98,0.0,0.0,0.0,0.05,1.02,0.0,0.0,0.0,0.0,5.2,0.0,0.24,23.07,2.09,2.51,0.03,0.0,0.05,2.77,0.08,0.0,0.03,49.35,0.0,0.05,0.0,0.0,0.0,0.1,0.0,0.0,0.0,0.05,0.0,0.0,0.0,0.0,1.52,77.29
פתח תקווה,189414,131617,880,130737,4330,5676,21,62,3839,46,4,0,70,7885,15,4,4,17,5529,12,7431,41386,1714,6203,24,0,69,2417,273,9,4,35488,26,4,12,7,17,58,11,0,9,86,21,11,35,24,7884,21,3.31,4.34,0.02,0.05,2.94,0.04,0.0,0.0,0.05,6.03,0.01,0.0,0.0,0.01,4.23,0.01,5.68,31.66,1.31,4.74,0.02,0.0,0.05,1.85,0.21,0.01,0.0,27.14,0.02,0.0,0.01,0.01,0.01,0.04,0.01,0.0,0.01,0.07,0.02,0.01,0.03,0.02,6.03,69.49
צפת,23118,14130,96,14034,144,2007,74,26,458,4,1,0,6,1814,1,0,0,0,289,2,881,4835,68,354,4,0,9,133,4,0,0,855,2,2,1,0,2,4,1,0,2,6,1,0,3,3,2038,21,1.03,14.3,0.53,0.19,3.26,0.03,0.01,0.0,0.04,12.93,0.01,0.0,0.0,0.0,2.06,0.01,6.28,34.45,0.48,2.52,0.03,0.0,0.06,0.95,0.03,0.0,0.0,6.09,0.01,0.01,0.01,0.0,0.01,0.03,0.01,0.0,0.01,0.04,0.01,0.0,0.02,0.02,14.52,61.12
קדימה - צורן,15275,11630,35,11595,751,47,11,13,243,0,1,0,2,155,2,1,0,2,435,2,214,2536,376,260,4,0,3,260,1,3,1,5776,0,1,0,1,0,5,0,0,0,8,1,1,0,1,478,21,6.48,0.41,0.09,0.11,2.1,0.0,0.01,0.0,0.02,1.34,0.02,0.01,0.0,0.02,3.75,0.02,1.85,21.87,3.24,2.24,0.03,0.0,0.03,2.24,0.01,0.03,0.01,49.81,0.0,0.01,0.0,0.01,0.0,0.04,0.0,0.0,0.0,0.07,0.01,0.01,0.0,0.01,4.12,76.14
קלנסווה,13987,6667,74,6593,30,2,1475,4321,4,2,0,0,1,5,2,0,1,1,29,4,1,43,520,1,1,0,8,1,3,2,1,83,0,5,3,1,0,4,1,0,0,1,2,0,6,16,13,21,0.46,0.03,22.37,65.54,0.06,0.03,0.0,0.0,0.02,0.08,0.03,0.0,0.02,0.02,0.44,0.06,0.02,0.65,7.89,0.02,0.02,0.0,0.12,0.02,0.05,0.03,0.02,1.26,0.0,0.08,0.05,0.02,0.0,0.06,0.02,0.0,0.0,0.02,0.03,0.0,0.09,0.24,0.2,47.67
קצרין,6040,3565,38,3527,104,7,1,0,219,0,0,0,1,227,0,0,0,0,176,1,552,1143,38,145,2,0,4,73,21,1,1,724,1,0,0,0,0,3,0,0,0,7,0,0,0,1,75,21,2.95,0.2,0.03,0.0,6.21,0.0,0.0,0.0,0.03,6.44,0.0,0.0,0.0,0.0,4.99,0.03,15.65,32.41,1.08,4.11,0.06,0.0,0.11,2.07,0.6,0.03,0.03,20.53,0.03,0.0,0.0,0.0,0.0,0.09,0.0,0.0,0.0,0.2,0.0,0.0,0.0,0.03,2.13,59.02
קרית אונו,28727,21670,90,21580,1847,82,3,31,381,2,0,0,7,353,6,1,0,1,949,2,325,4796,943,576,3,0,8,511,10,0,0,10227,2,0,5,0,2,9,0,0,0,22,0,2,0,1,473,21,8.56,0.38,0.01,0.14,1.77,0.01,0.0,0.0,0.03,1.64,0.03,0.0,0.0,0.0,4.4,0.01,1.51,22.22,4.37,2.67,0.01,0.0,0.04,2.37,0.05,0.0,0.0,47.39,0.01,0.0,0.02,0.0,0.01,0.04,0.0,0.0,0.0,0.1,0.0,0.01,0.0,0.0,2.19,75.43
קרית אתא,46961,30871,246,30625,742,616,7,8,875,4,0,0,40,1052,5,3,1,10,1755,2,1901,13423,192,763,25,0,32,771,45,3,5,6258,6,3,1,1,4,32,4,0,0,28,5,5,5,7,1986,21,2.42,2.01,0.02,0.03,2.86,0.01,0.0,0.0,0.13,3.44,0.02,0.01,0.0,0.03,5.73,0.01,6.21,43.83,0.63,2.49,0.08,0.0,0.1,2.52,0.15,0.01,0.02,20.43,0.02,0.01,0.0,0.0,0.01,0.1,0.01,0.0,0.0,0.09,0.02,0.02,0.02,0.02,6.48,65.74
קרית ביאליק,34220,22168,157,22011,925,214,3,9,611,16,0,0,17,167,3,3,0,1,1267,3,1536,7610,312,445,16,0,8,561,40,1,0,7681,4,2,4,3,3,21,4,0,1,27,9,1,8,4,471,21,4.2,0.97,0.01,0.04,2.78,0.07,0.0,0.0,0.08,0.76,0.01,0.01,0.0,0.0,5.76,0.01,6.98,34.57,1.42,2.02,0.07,0.0,0.04,2.55,0.18,0.0,0.0,34.9,0.02,0.01,0.02,0.01,0.01,0.1,0.02,0.0,0.0,0.12,0.04,0.0,0.04,0.02,2.14,64.78
קרית גת,41706,27769,331,27438,408,2081,3,6,942,3,2,0,24,1027,3,5,2,3,1212,4,2757,11506,98,515,17,0,9,323,70,2,7,3389,7,2,6,5,8,15,2,0,7,17,6,10,17,11,2907,21,1.49,7.58,0.01,0.02,3.43,0.01,0.01,0.0,0.09,3.74,0.01,0.02,0.01,0.01,4.42,0.01,10.05,41.93,0.36,1.88,0.06,0.0,0.03,1.18,0.26,0.01,0.03,12.35,0.03,0.01,0.02,0.02,0.03,0.05,0.01,0.0,0.03,0.06,0.02,0.04,0.06,0.04,10.59,66.58
קרית טבעון,13652,9727,29,9698,1286,86,19,54,184,3,0,0,5,104,2,0,0,0,249,0,79,1410,933,181,8,0,3,238,2,0,0,4780,3,4,2,0,0,6,0,0,0,14,0,0,1,0,42,21,13.26,0.89,0.2,0.56,1.9,0.03,0.0,0.0,0.05,1.07,0.02,0.0,0.0,0.0,2.57,0.0,0.81,14.54,9.62,1.87,0.08,0.0,0.03,2.45,0.02,0.0,0.0,49.29,0.03,0.04,0.02,0.0,0.0,0.06,0.0,0.0,0.0,0.14,0.0,0.0,0.01,0.0,0.43,71.25
קרית ים,36506,21114,227,20887,450,123,7,6,669,8,3,0,16,242,7,1,3,0,1164,2,3478,8774,143,362,13,0,8,367,72,1,5,4312,5,1,3,4,1,17,6,0,1,29,9,5,5,18,547,21,2.15,0.59,0.03,0.03,3.2,0.04,0.01,0.0,0.08,1.16,0.03,0.0,0.01,0.0,5.57,0.01,16.65,42.01,0.68,1.73,0.06,0.0,0.04,1.76,0.34,0.0,0.02,20.64,0.02,0.0,0.01,0.02,0.0,0.08,0.03,0.0,0.0,0.14,0.04,0.02,0.02,0.09,2.62,57.84
קרית יערים,3194,2403,19,2384,7,1632,0,1,48,0,0,0,0,111,0,0,0,0,13,0,1,120,3,20,0,0,0,9,0,0,0,11,0,0,0,0,1,0,0,0,0,1,0,0,0,0,406,21,0.29,68.46,0.0,0.04,2.01,0.0,0.0,0.0,0.0,4.66,0.0,0.0,0.0,0.0,0.55,0.0,0.04,5.03,0.13,0.84,0.0,0.0,0.0,0.38,0.0,0.0,0.0,0.46,0.0,0.0,0.0,0.0,0.04,0.0,0.0,0.0,0.0,0.04,0.0,0.0,0.0,0.0,17.03,75.23
קרית מוצקין,37178,24868,156,24712,1043,75,9,10,724,13,2,0,25,402,4,4,1,3,1685,2,1872,8127,300,563,15,0,22,673,45,2,1,8494,2,3,3,4,5,32,1,0,1,25,6,9,11,4,490,21,4.22,0.3,0.04,0.04,2.93,0.05,0.01,0.0,0.1,1.63,0.02,0.02,0.0,0.01,6.82,0.01,7.58,32.89,1.21,2.28,0.06,0.0,0.09,2.72,0.18,0.01,0.0,34.37,0.01,0.01,0.01,0.02,0.02,0.13,0.0,0.0,0.0,0.1,0.02,0.04,0.04,0.02,1.98,66.89
קרית מלאכי,16901,11285,99,11186,168,624,2,18,405,1,0,0,10,1452,1,0,0,2,535,1,152,5094,30,263,2,0,6,186,12,3,1,829,3,0,2,0,1,3,0,0,0,7,2,7,10,3,1351,21,1.5,5.58,0.02,0.16,3.62,0.01,0.0,0.0,0.09,12.98,0.01,0.0,0.0,0.02,4.78,0.01,1.36,45.54,0.27,2.35,0.02,0.0,0.05,1.66,0.11,0.03,0.01,7.41,0.03,0.0,0.02,0.0,0.01,0.03,0.0,0.0,0.0,0.06,0.02,0.06,0.09,0.03,12.08,66.77
קרית עקרון,8178,5782,63,5719,132,44,2,3,168,1,1,0,11,202,0,0,1,0,326,1,128,3064,37,120,2,0,2,133,5,1,1,854,0,3,0,1,0,3,0,0,0,2,2,1,5,0,463,21,2.31,0.77,0.03,0.05,2.94,0.02,0.02,0.0,0.19,3.53,0.0,0.0,0.02,0.0,5.7,0.02,2.24,53.58,0.65,2.1,0.03,0.0,0.03,2.33,0.09,0.02,0.02,14.93,0.0,0.05,0.0,0.02,0.0,0.05,0.0,0.0,0.0,0.03,0.03,0.02,0.09,0.0,8.1,70.7
קרית שמונה,18257,11030,93,10937,272,75,5,8,356,1,1,0,12,370,2,1,0,1,923,1,960,5358,79,297,4,0,54,276,18,1,1,1219,0,0,2,3,1,6,5,0,0,13,3,0,3,3,603,21,2.49,0.69,0.05,0.07,3.26,0.01,0.01,0.0,0.11,3.38,0.02,0.01,0.0,0.01,8.44,0.01,8.78,48.99,0.72,2.72,0.04,0.0,0.49,2.52,0.16,0.01,0.01,11.15,0.0,0.0,0.02,0.03,0.01,0.05,0.05,0.0,0.0,0.12,0.03,0.0,0.03,0.03,5.51,60.42
ראמה,6301,3399,70,3329,61,1,391,1241,2,1,0,0,0,2,2,0,1,0,40,0,256,85,407,1,2,0,1,1,1,0,0,735,0,1,0,1,1,10,1,0,0,3,1,9,4,11,56,21,1.83,0.03,11.75,37.28,0.06,0.03,0.0,0.0,0.0,0.06,0.06,0.0,0.03,0.0,1.2,0.0,7.69,2.55,12.23,0.03,0.06,0.0,0.03,0.03,0.03,0.0,0.0,22.08,0.0,0.03,0.0,0.03,0.03,0.3,0.03,0.0,0.0,0.09,0.03,0.27,0.12,0.33,1.68,53.94
ראש העין,40024,31066,112,30954,877,704,1,15,981,3,0,0,24,939,3,0,1,2,1680,3,395,10789,484,970,8,0,45,583,10,2,2,10495,1,2,1,0,4,12,3,0,0,20,10,1,6,3,1875,21,2.83,2.27,0.0,0.05,3.17,0.01,0.0,0.0,0.08,3.03,0.01,0.0,0.0,0.01,5.43,0.01,1.28,34.85,1.56,3.13,0.03,0.0,0.15,1.88,0.03,0.01,0.01,33.91,0.0,0.01,0.0,0.0,0.01,0.04,0.01,0.0,0.0,0.06,0.03,0.0,0.02,0.01,6.06,77.62
ראש פינה,2404,1765,1,1764,188,3,1,9,51,0,0,0,0,78,0,0,0,0,56,0,18,391,132,31,1,0,5,72,0,0,0,705,0,0,0,1,0,4,0,0,0,1,0,0,0,0,17,21,10.66,0.17,0.06,0.51,2.89,0.0,0.0,0.0,0.0,4.42,0.0,0.0,0.0,0.0,3.17,0.0,1.02,22.17,7.48,1.76,0.06,0.0,0.28,4.08,0.0,0.0,0.0,39.97,0.0,0.0,0.0,0.06,0.0,0.23,0.0,0.0,0.0,0.06,0.0,0.0,0.0,0.0,0.96,73.42
ראשון לציון,204949,138817,713,138104,5688,1145,28,67,3924,51,9,0,68,2194,21,7,3,17,7232,17,7827,47759,2052,3384,38,0,65,3299,235,5,11,48716,21,6,18,20,13,82,14,0,5,124,14,15,58,14,3838,21,4.12,0.83,0.02,0.05,2.84,0.04,0.01,0.0,0.05,1.59,0.02,0.01,0.0,0.01,5.24,0.01,5.67,34.58,1.49,2.45,0.03,0.0,0.05,2.39,0.17,0.0,0.01,35.27,0.02,0.0,0.01,0.01,0.01,0.06,0.01,0.0,0.0,0.09,0.01,0.01,0.04,0.01,2.78,67.73
רהט,32511,16131,179,15952,79,4,7560,6471,4,4,1,0,4,17,1,0,2,4,107,20,7,93,678,13,4,0,26,3,4,7,5,600,7,5,7,6,7,12,6,0,6,5,9,1,13,9,141,21,0.5,0.03,47.39,40.57,0.03,0.03,0.01,0.0,0.03,0.11,0.01,0.0,0.01,0.03,0.67,0.13,0.04,0.58,4.25,0.08,0.03,0.0,0.16,0.02,0.03,0.04,0.03,3.76,0.04,0.03,0.04,0.04,0.04,0.08,0.04,0.0,0.04,0.03,0.06,0.01,0.08,0.06,0.88,49.62
רחובות,105909,73520,395,73125,3472,2952,31,91,2253,27,4,0,48,3796,19,1,0,7,3071,5,2977,21142,2315,2670,12,0,53,1629,74,5,5,22390,14,6,3,4,3,27,13,0,7,49,16,6,18,9,3901,21,4.75,4.04,0.04,0.12,3.08,0.04,0.01,0.0,0.07,5.19,0.03,0.0,0.0,0.01,4.2,0.01,4.07,28.91,3.17,3.65,0.02,0.0,0.07,2.23,0.1,0.01,0.01,30.62,0.02,0.01,0.0,0.01,0.0,0.04,0.02,0.0,0.01,0.07,0.02,0.01,0.02,0.01,5.33,69.42
ריינה,11269,5195,95,5100,48,0,1785,2563,2,2,0,0,0,0,1,0,5,2,83,1,6,40,167,3,2,0,2,4,0,1,1,163,0,0,1,0,2,14,0,0,1,3,0,0,3,23,172,21,0.94,0.0,35.0,50.25,0.04,0.04,0.0,0.0,0.0,0.0,0.02,0.0,0.1,0.04,1.63,0.02,0.12,0.78,3.27,0.06,0.04,0.0,0.04,0.08,0.0,0.02,0.02,3.2,0.0,0.0,0.02,0.0,0.04,0.27,0.0,0.0,0.02,0.06,0.0,0.0,0.06,0.45,3.37,46.1
רכסים,6113,5276,50,5226,16,2340,0,0,37,0,0,0,0,74,0,0,0,0,27,0,34,368,7,22,0,0,2,9,0,0,0,75,0,0,0,0,0,1,0,0,0,0,1,0,0,0,2213,21,0.31,44.78,0.0,0.0,0.71,0.0,0.0,0.0,0.0,1.42,0.0,0.0,0.0,0.0,0.52,0.0,0.65,7.04,0.13,0.42,0.0,0.0,0.04,0.17,0.0,0.0,0.0,1.44,0.0,0.0,0.0,0.0,0.0,0.02,0.0,0.0,0.0,0.0,0.02,0.0,0.0,0.0,42.35,86.31
רמלה,55296,32557,454,32103,588,208,1362,1756,837,10,6,0,40,593,12,0,2,4,1502,11,1363,15242,609,457,9,0,13,400,41,3,5,3938,12,3,7,8,9,31,7,0,7,29,9,15,23,17,2915,21,1.83,0.65,4.24,5.47,2.61,0.03,0.02,0.0,0.12,1.85,0.04,0.0,0.01,0.01,4.68,0.03,4.25,47.48,1.9,1.42,0.03,0.0,0.04,1.25,0.13,0.01,0.02,12.27,0.04,0.01,0.02,0.02,0.03,0.1,0.02,0.0,0.02,0.09,0.03,0.05,0.07,0.05,9.08,58.88
רמת גן,129802,87126,370,86756,6400,861,37,195,2344,46,2,0,55,1901,28,3,1,4,3710,7,1368,21512,3795,2469,18,0,54,2105,63,6,5,37224,11,9,6,1,5,49,6,0,4,76,8,7,15,3,2343,21,7.38,0.99,0.04,0.22,2.7,0.05,0.0,0.0,0.06,2.19,0.03,0.0,0.0,0.0,4.28,0.01,1.58,24.8,4.37,2.85,0.02,0.0,0.06,2.43,0.07,0.01,0.01,42.91,0.01,0.01,0.01,0.0,0.01,0.06,0.01,0.0,0.0,0.09,0.01,0.01,0.02,0.0,2.7,67.12
רמת השרון,36941,27033,70,26963,2148,425,17,58,331,3,1,0,6,272,10,1,0,0,639,0,144,4622,1724,495,2,0,17,447,3,0,0,14978,3,2,1,2,0,5,2,0,0,23,6,2,2,1,571,21,7.97,1.58,0.06,0.22,1.23,0.01,0.0,0.0,0.02,1.01,0.04,0.0,0.0,0.0,2.37,0.0,0.53,17.14,6.39,1.84,0.01,0.0,0.06,1.66,0.01,0.0,0.0,55.55,0.01,0.01,0.0,0.01,0.0,0.02,0.01,0.0,0.0,0.09,0.02,0.01,0.01,0.0,2.12,73.18
רמת ישי,5666,4289,15,4274,334,8,0,4,97,2,0,0,1,56,1,0,1,0,169,0,37,1017,149,106,0,0,1,152,1,0,0,2101,0,0,0,0,0,1,0,0,0,2,1,0,0,0,33,21,7.81,0.19,0.0,0.09,2.27,0.05,0.0,0.0,0.02,1.31,0.02,0.0,0.02,0.0,3.95,0.0,0.87,23.8,3.49,2.48,0.0,0.0,0.02,3.56,0.02,0.0,0.0,49.16,0.0,0.0,0.0,0.0,0.0,0.02,0.0,0.0,0.0,0.05,0.02,0.0,0.0,0.0,0.77,75.7
רמת נגב,4577,3270,8,3262,557,5,3,11,101,1,0,0,3,124,1,0,0,0,41,0,30,308,346,222,0,0,2,172,4,0,1,1314,2,0,0,1,0,0,0,0,0,1,0,0,1,2,9,21,17.08,0.15,0.09,0.34,3.1,0.03,0.0,0.0,0.09,3.8,0.03,0.0,0.0,0.0,1.26,0.0,0.92,9.44,10.61,6.81,0.0,0.0,0.06,5.27,0.12,0.0,0.03,40.28,0.06,0.0,0.0,0.03,0.0,0.0,0.0,0.0,0.0,0.03,0.0,0.0,0.03,0.06,0.28,71.44
רעננה,64703,44309,142,44167,2544,620,7,37,1047,12,1,0,13,1771,13,2,1,0,1163,0,431,10319,1748,2976,4,0,25,848,17,1,4,19228,6,5,5,1,3,10,3,0,0,28,4,1,6,18,1245,21,5.76,1.4,0.02,0.08,2.37,0.03,0.0,0.0,0.03,4.01,0.03,0.0,0.0,0.0,2.63,0.0,0.98,23.36,3.96,6.74,0.01,0.0,0.06,1.92,0.04,0.0,0.01,43.53,0.01,0.01,0.01,0.0,0.01,0.02,0.01,0.0,0.0,0.06,0.01,0.0,0.01,0.04,2.82,68.48
שגב שלום,4828,2029,30,1999,15,0,1822,66,2,0,0,0,0,1,0,0,1,1,4,0,0,12,22,3,0,0,1,0,0,0,0,36,1,1,1,0,1,4,0,0,0,0,0,3,0,1,1,21,0.75,0.0,91.15,3.3,0.1,0.0,0.0,0.0,0.0,0.05,0.0,0.0,0.05,0.05,0.2,0.0,0.0,0.6,1.1,0.15,0.0,0.0,0.05,0.0,0.0,0.0,0.0,1.8,0.05,0.05,0.05,0.0,0.05,0.2,0.0,0.0,0.0,0.0,0.0,0.15,0.0,0.05,0.05,42.03
שדות נגב,6535,5341,8,5333,85,169,9,0,155,1,0,0,1,863,0,1,0,0,180,2,4,2421,17,711,0,0,1,85,2,1,0,320,0,1,0,0,2,0,0,0,0,5,0,0,0,0,297,21,1.59,3.17,0.17,0.0,2.91,0.02,0.0,0.0,0.02,16.18,0.0,0.02,0.0,0.0,3.38,0.04,0.08,45.4,0.32,13.33,0.0,0.0,0.02,1.59,0.04,0.02,0.0,6.0,0.0,0.02,0.0,0.0,0.04,0.0,0.0,0.0,0.0,0.09,0.0,0.0,0.0,0.0,5.57,81.73
שדרות,19944,12918,158,12760,393,135,7,7,566,4,1,0,14,1292,2,1,0,0,530,1,1294,5554,111,358,3,0,23,258,22,2,0,1176,2,0,0,0,1,6,1,0,0,13,1,2,3,4,973,21,3.08,1.06,0.05,0.05,4.44,0.03,0.01,0.0,0.11,10.13,0.02,0.01,0.0,0.0,4.15,0.01,10.14,43.53,0.87,2.81,0.02,0.0,0.18,2.02,0.17,0.02,0.0,9.22,0.02,0.0,0.0,0.0,0.01,0.05,0.01,0.0,0.0,0.1,0.01,0.02,0.02,0.03,7.63,64.77
שהם,15504,12170,27,12143,761,31,1,4,368,0,0,0,1,393,2,0,0,2,570,1,64,2595,331,885,1,0,3,361,4,0,0,5622,1,1,1,0,0,1,1,0,1,10,0,2,1,0,124,21,6.27,0.26,0.01,0.03,3.03,0.0,0.0,0.0,0.01,3.24,0.02,0.0,0.0,0.02,4.69,0.01,0.53,21.37,2.73,7.29,0.01,0.0,0.02,2.97,0.03,0.0,0.0,46.3,0.01,0.01,0.01,0.0,0.0,0.01,0.01,0.0,0.01,0.08,0.0,0.02,0.01,0.0,1.02,78.5
שלומי,5035,3367,22,3345,81,17,0,0,119,0,0,0,2,96,1,1,0,0,136,1,295,1550,28,85,5,0,1,110,8,0,0,580,0,0,0,0,0,1,3,0,0,2,1,0,1,1,220,21,2.42,0.51,0.0,0.0,3.56,0.0,0.0,0.0,0.06,2.87,0.03,0.03,0.0,0.0,4.07,0.03,8.82,46.34,0.84,2.54,0.15,0.0,0.03,3.29,0.24,0.0,0.0,17.34,0.0,0.0,0.0,0.0,0.0,0.03,0.09,0.0,0.0,0.06,0.03,0.0,0.03,0.03,6.58,66.87
שעב,4752,2867,13,2854,8,3,956,1513,1,0,0,0,1,2,2,2,1,2,73,1,2,27,74,3,0,0,2,3,1,0,2,30,0,0,0,1,2,2,0,0,3,0,0,3,3,75,56,21,0.28,0.11,33.5,53.01,0.04,0.0,0.0,0.0,0.04,0.07,0.07,0.07,0.04,0.07,2.56,0.04,0.07,0.95,2.59,0.11,0.0,0.0,0.07,0.11,0.04,0.0,0.07,1.05,0.0,0.0,0.0,0.04,0.07,0.07,0.0,0.0,0.11,0.0,0.0,0.11,0.11,2.63,1.96,60.33
שער הנגב,5934,4339,7,4332,840,5,2,13,108,0,0,0,3,23,0,0,0,2,91,0,28,446,375,97,0,0,4,87,1,0,0,2167,0,0,0,1,0,3,0,0,0,1,0,0,0,0,35,21,19.39,0.12,0.05,0.3,2.49,0.0,0.0,0.0,0.07,0.53,0.0,0.0,0.0,0.05,2.1,0.0,0.65,10.3,8.66,2.24,0.0,0.0,0.09,2.01,0.02,0.0,0.0,50.02,0.0,0.0,0.0,0.02,0.0,0.07,0.0,0.0,0.0,0.02,0.0,0.0,0.0,0.0,0.81,73.12
שפיר,6986,5722,14,5708,51,390,1,0,164,0,0,0,8,1176,0,0,0,0,163,0,6,2127,23,602,0,0,0,47,0,0,0,307,0,0,0,0,0,0,0,0,0,1,0,0,0,0,642,21,0.89,6.83,0.02,0.0,2.87,0.0,0.0,0.0,0.14,20.6,0.0,0.0,0.0,0.0,2.86,0.0,0.11,37.26,0.4,10.55,0.0,0.0,0.0,0.82,0.0,0.0,0.0,5.38,0.0,0.0,0.0,0.0,0.0,0.0,0.0,0.0,0.0,0.02,0.0,0.0,0.0,0.0,11.25,81.91
שפרעם,28453,13491,211,13280,143,3,2547,5619,5,2,1,0,1,11,34,6,7,0,327,1,1780,163,1086,20,4,0,50,9,3,2,3,1227,4,6,4,1,6,9,6,0,2,13,1,1,5,34,134,21,1.08,0.02,19.18,42.31,0.04,0.02,0.01,0.0,0.01,0.08,0.26,0.05,0.05,0.0,2.46,0.01,13.4,1.23,8.18,0.15,0.03,0.0,0.38,0.07,0.02,0.02,0.02,9.24,0.03,0.05,0.03,0.01,0.05,0.07,0.05,0.0,0.02,0.1,0.01,0.01,0.04,0.26,1.01,47.42
תל אביב -יפו,426398,268795,1194,267601,22794,2397,1823,4375,5367,128,4,0,109,2899,103,8,5,28,6482,21,3687,51596,24027,5251,38,0,90,4760,123,11,6,122271,51,29,33,20,18,121,34,0,10,206,29,24,27,36,8560,21,8.52,0.9,0.68,1.63,2.01,0.05,0.0,0.0,0.04,1.08,0.04,0.0,0.0,0.01,2.42,0.01,1.38,19.28,8.98,1.96,0.01,0.0,0.03,1.78,0.05,0.0,0.0,45.69,0.02,0.01,0.01,0.01,0.01,0.05,0.01,0.0,0.0,0.08,0.01,0.01,0.01,0.01,3.2,63.04
תל מונד,9255,7091,25,7066,384,34,1,3,166,1,1,0,5,97,2,0,1,0,296,0,40,1664,189,271,0,0,3,182,3,0,0,3595,3,0,1,0,0,7,1,0,0,5,0,0,3,0,108,21,5.43,0.48,0.01,0.04,2.35,0.01,0.01,0.0,0.07,1.37,0.03,0.0,0.01,0.0,4.19,0.0,0.57,23.55,2.67,3.84,0.0,0.0,0.04,2.58,0.04,0.0,0.0,50.88,0.04,0.0,0.01,0.0,0.0,0.1,0.01,0.0,0.0,0.07,0.0,0.0,0.04,0.0,1.53,76.62
תל שבע,9286,2870,29,2841,18,2,2194,283,3,1,0,0,0,2,0,0,1,2,10,1,2,37,108,7,1,0,3,2,0,3,3,98,3,3,1,0,1,3,1,0,3,3,2,1,3,14,22,21,0.63,0.07,77.23,9.96,0.11,0.04,0.0,0.0,0.0,0.07,0.0,0.0,0.04,0.07,0.35,0.04,0.07,1.3,3.8,0.25,0.04,0.0,0.11,0.07,0.0,0.11,0.11,3.45,0.11,0.11,0.04,0.0,0.04,0.11,0.04,0.0,0.11,0.11,0.07,0.04,0.11,0.49,0.77,30.91
תמר,995,665,1,664,142,0,0,1,26,0,0,0,0,5,1,0,2,0,18,0,0,82,34,20,0,0,0,31,0,0,0,296,0,0,1,0,0,1,0,0,0,1,0,0,0,0,3,21,21.39,0.0,0.0,0.15,3.92,0.0,0.0,0.0,0.0,0.75,0.15,0.0,0.3,0.0,2.71,0.0,0.0,12.35,5.12,3.01,0.0,0.0,0.0,4.67,0.0,0.0,0.0,44.58,0.0,0.0,0.15,0.0,0.0,0.15,0.0,0.0,0.0,0.15,0.0,0.0,0.0,0.0,0.45,66.83
