municipality,right_avg,right_std,haredi_avg,haredi_std,center_avg,center_std,left_avg,left_std,arab_avg,arab_std,avg_votes,dominant_bloc,left_right_score,religious_score
אבו גוש,12.292247040035603,6.69085068809116,1.180490952723628,0.7663127947981795,8.083172500219764,6.707313846099617,6.753320604405539,6.136871223361779,70.3909098268787,13.947866721702262,2329.4,arab,5.538926435630064,36.37594586616298
אבו סנאן,11.738654537052545,4.575117129032154,4.093359284599201,3.5582351749714483,14.0762112605031,6.172837868295068,2.7476669468718837,1.2657211317800234,65.93905750368927,6.475379517284496,5373.8,arab,8.990987590180662,37.06288803644384
אבן יהודה,27.73576208135008,1.5610036732313277,2.093310102082751,0.47462377106562215,54.750833831850855,3.492923534031927,13.856645370725584,3.4823283776851435,0.22683459787824126,0.09863624738689018,7572.6,center,13.879116710624498,2.2067274010218716
אום אל-פחם,0.6918355456023019,0.436200834106969,0.163630150832999,0.1141087323893394,0.7971082062165866,0.5521179390340211,2.310475633310628,1.67694442087355,95.407024025125,2.188448301186375,16443.8,arab,-1.6186400877083265,47.8671421633955
אופקים,49.89141567459062,3.2008850259227524,37.90050750747272,1.3678379242980352,8.04389236468313,1.2998220115808488,1.96741776289289,0.9589468810019073,0.11780556843682363,0.06693303209136413,14449.2,right,47.923997911697725,37.95941029169113
אור יהודה,57.21827316584935,1.6947115079268096,18.01129739922428,2.0533609189275936,19.210638898048067,2.2434046625968005,3.744815831793661,0.9050159778225914,0.08076684465719165,0.01225741694426603,18744.8,right,53.47345733405569,18.051680821552875
אור עקיבא,68.22823373924815,2.5581761299968537,11.24463225842467,1.0277070425820338,16.155346393695375,2.041972532616899,2.386102452497567,0.5136680832263033,0.08956641150925804,0.050592528924985926,10046.2,right,65.84213128675059,11.289415464179298
אזור,47.4476823624802,1.3104715898708523,11.255443361151753,1.501807569858791,32.94049419900212,2.5267503386190957,6.33572217480666,1.229784520873729,0.17728860813672492,0.0956033485238952,6652.2,right,41.11196018767354,11.344087665220115
אילת,57.62454115035744,1.8696587319506506,6.377323565608693,1.1056324841143925,28.26700513856448,1.8148599592210426,4.817029851475585,1.2869378452132187,0.7344743256292661,0.2029021520884689,22249.2,right,52.80751129888185,6.744560728423326
אכסאל,1.6308347538643062,1.6078797208058346,0.141451679718945,0.09763593291829864,1.238239881668972,0.616769326517744,1.9817235249703131,2.0508219541255666,94.38622382978296,3.0078887590837113,5297.4,arab,-0.3508887711060069,47.33456359461043
אל קסום,6.949602417034969,5.2472311369180185,2.371781256450497,3.320549459533423,7.857879657836466,5.498325303862068,3.816300505904781,3.11756353761758,75.64915132446042,11.647772173948479,3167.6,arab,3.1333019111301876,40.196356918680706
אל-בטוף,2.510602327565633,1.9408272975420369,3.7009489548686814,1.787122398833955,8.371164632525739,6.788130416129036,4.7800953557675285,2.3585871357594352,77.91312019284183,10.385538465743746,2688.0,arab,-2.2694930282018957,42.657509051289594
אלונה,30.63529243127429,2.4608795496435762,0.9446927184061508,0.39278046056228083,45.25706207412776,6.445251453150427,19.067049612373264,5.661363599884663,0.6118762613309862,0.2600354204414347,1146.0,center,11.568242818901027,1.2506308490716438
אליכין,58.35677855999383,3.0175008336027562,14.953470967795349,1.6743090553893645,19.608689354215535,2.8023726412108823,4.6800807992945845,1.1418339892853961,0.02055019409982971,0.02516924442062634,1968.6,right,53.67669776069924,14.963746064845264
אלעד,12.29691137746622,3.8005457387702064,84.78091965802477,1.6432035491258428,0.3605618380992411,0.13848975414010722,0.08866874965383499,0.031430804177047314,0.007798006878858692,0.006737619430262764,17887.0,haredi,12.208242627812385,84.7848186614642
אעבלין,3.432752937540036,0.9113082420020572,0.8573720766641001,1.383642538169985,3.7304514814503476,2.223554152839486,5.497652145360044,2.8631301346642744,85.30570986013419,6.146898475452442,5309.2,arab,-2.0648992078200084,43.51022700673119
אשדוד,51.92687794803194,2.923072589171526,26.00268296170559,1.9203776328801527,18.283626988387915,2.06209523158426,2.1586531675136333,0.6586561029338526,0.05247228649529696,0.013219142155383948,115329.6,right,49.7682247805183,26.02891910495324
אשכול,29.040414822005783,3.6184929431338717,2.8315452295528396,1.4172659646924328,37.46628435045906,3.932846850302278,26.162581739016378,3.9666343250122305,0.47362475586313924,0.19098510186931505,7316.2,center,2.8778330829894045,3.068357607484409
אשקלון,64.813761762365,2.6112096161612617,11.135185852817692,1.4564331418998997,18.902824742768004,2.120525899397758,2.698873512746297,0.7436370626143403,0.08611602234992462,0.014685096754323137,70645.8,right,62.11488824961871,11.178243863992654
באקה אל גרבייה,0.6597622438976469,0.4678237790417238,0.2179038009784029,0.1507544141619832,1.9737325271030635,1.4120475891685051,3.884768231830251,3.2976713624463745,92.46967745243809,5.044237462997547,9248.0,arab,-3.2250059879326045,46.45274252719745
באר טוביה,37.125455527561364,3.7106486426985072,4.616660383797104,1.2588170044043256,42.60994312273503,4.407155053322078,10.496439121004222,2.163859118132494,0.48744351070812764,0.14451280769268238,12296.2,center,26.62901640655714,4.8603821391511675
באר יעקב,47.94161535687989,2.1445128013167922,8.425350507658885,1.2652052219638852,37.11089682047135,3.1489111813536472,4.708374568898476,1.3910972618639974,0.1060203597662216,0.026296282283123626,12664.6,right,43.233240787981416,8.478360687541997
באר שבע,63.63004567413276,2.5386241765743445,9.262494567448472,1.1728900828373134,19.94397955707523,1.7535185915785059,4.128115757530798,1.0272963425346522,0.6458099751158755,0.1429929835598697,97151.8,right,59.50192991660196,9.58539955500641
בוסתאן אל-מרג',5.03428057783444,6.941479590527775,1.451624933718873,1.311702594894916,5.2665284154605105,3.506226143765674,13.187406680204711,6.148493630451205,73.91825227441386,12.202498193196135,3031.6,arab,-8.153126102370273,38.410751070925805
בועיינה-נוג'ידאת,1.6675532907738109,1.014562864513196,1.1546773204496943,1.0913319627853495,3.789721322436287,2.8937071341156684,3.704175729340362,2.1978962594919356,88.17354304671406,7.004218986114758,3777.6,arab,-2.0366224385665515,45.24144884380672
בוקעאתא,49.63553325417583,8.994002388334309,7.012991411692117,7.111849127463393,28.249287238491643,8.740535332595883,12.531681474928915,5.819984388112169,0.631578947368421,1.0205641805087007,102.6,right,37.10385177924692,7.328780885376328
ביר אל-מכסור,4.5414634273822205,2.304690797315483,1.2069352955278112,1.609775063109454,14.726744057017495,11.377736570404709,7.034463764474742,5.40453798234134,71.44014071191552,19.393584167596643,3089.0,arab,-2.4930003370925213,36.92700565148557
בית ג'ן,21.43467428268304,14.824249462044126,0.6344851608241875,0.5820205279119278,28.479926577913183,11.585518034570276,43.999078176239244,21.546308899804714,4.604408230350879,2.933606653680827,4380.8,left,-22.564403893556204,2.936689275999627
בית דגן,56.774918329761704,2.9538959385565065,8.616037717487671,1.3712843151092946,27.860069511248014,2.7196605148555126,4.261455047138755,1.0429393610177957,0.06796932879323113,0.027567474798216213,3874.2,right,52.51346328262295,8.650022381884288
בית שאן,65.45614801371745,2.636952670626939,21.713765074518676,2.8572069916949867,8.492230957851007,3.704290803330964,1.8275396141928872,1.2744868054585494,0.15028382735004367,0.07488991433092507,9921.2,right,63.628608399524566,21.7889069881937
בית שמש,35.55358116689257,5.326660217809115,54.791247956414566,3.4593543508709144,5.4737173459889945,0.7246455574553189,1.0582726035259722,0.334055891099623,0.0434749527365072,0.00787278823307002,43717.2,haredi,34.4953085633666,54.81298543278282
בני ברק,7.772303294217909,1.4636019989098152,89.19616254367989,0.7052149960870159,1.4266289790526452,0.23106536016321536,0.40368216842107196,0.10649636191748231,0.021782873178848847,0.0025174182163041894,84374.4,haredi,7.368621125796837,89.20705398026931
"בני עי""ש",67.49663037642367,3.64017371463582,9.333272751658471,1.209632544001699,18.18246051532363,2.7280539357323854,2.1130418043776826,0.753655034455893,0.06641824286784201,0.03840616353217929,3657.6,right,65.38358857204598,9.366481873092393
בני שמעון,28.072980122589165,1.8565097858751975,1.8562319245476662,0.6980900222831351,42.9818890750691,4.6140986911313275,24.088250503279603,4.159294034841551,0.33491734707560616,0.1328176523436354,5315.4,center,3.9847296193095616,2.0236905980854694
בנימינה - גבעת עדה,26.080895823504385,1.3633528647822648,1.6910129531907176,0.2594956706122866,50.97917485867689,4.734974330836956,19.34095592297818,4.546793907280987,0.44040931403220246,0.17029842005315518,7650.0,center,6.739939900526206,1.9112176102068188
"בסמ""ה",1.1701515871563912,0.830825508410188,0.6535565407557937,0.552679154598837,1.6614957071732335,1.4127741564557723,6.367027116326758,4.135629725681555,89.24021631439398,6.433223867076482,3274.2,arab,-5.1968755291703665,45.27366469795278
בסמת טבעון,5.41962902668779,6.1721802425082375,2.3942136695162843,2.230167923856844,10.71350401532959,10.848208031327898,6.4199781885551745,2.9581780941801727,72.74090615405527,16.240067281791102,2233.2,arab,-1.0003491618673843,38.76466674654392
בענה,0.8112353173321774,0.3972656852946006,1.2875061850822165,1.3981260345807622,1.910901709665298,1.475713536491703,1.0033872399107346,0.827418846715205,93.38673785479196,5.231128253422887,3910.8,arab,-0.1921519225785573,47.980875112478195
ברנר,18.11000696493015,0.8996962641311045,0.747383740033321,0.19011310584450972,56.67490626041248,5.381435494458227,21.85021856511927,4.312031460600182,0.23834387410533742,0.08389831686468284,4284.8,center,-3.74021160018912,0.8665556770859897
בת ים,58.92050564172981,2.243503653855691,9.9250931177182,1.243027596923945,24.683205617263788,2.4186730065984863,4.108042992959081,0.9515951703577494,0.23863615127034482,0.0661337157938957,63126.6,right,54.81246264877073,10.044411193353373
ג'דיידה-מכר,1.1401789124551693,0.7981362286862236,0.4570964822361304,0.32303584324157963,1.1355364091323539,0.6271727710684791,2.4187378976248675,1.6214172528902757,93.029065933722,4.2004147864121055,7886.4,arab,-1.2785589851696981,46.97162944909713
ג'וליס,33.3676601455083,12.26061822744159,7.325391520983429,6.176290793406069,49.375393566506,15.123415186908842,6.151560154107875,1.8805708127708487,1.6484686908244133,1.0851832858071497,2719.6,center,27.216099991400426,8.149625866395635
ג'לג'וליה,0.48985842004312274,0.25198045246417766,0.9584997033573288,1.798744610107585,1.2261499773861002,1.0001789075940049,7.405488881841643,4.561249952894987,89.49497538103624,7.293789351920867,4508.2,arab,-6.9156304617985205,45.705987393875446
ג'סר א-זרקא,2.2329630981709863,1.7169155064077555,2.7097922738887688,4.605350403737491,3.05747648289967,3.3652725557323286,3.4572295148025547,2.861403467046836,87.00878579658178,11.043811367712058,3346.8,arab,-1.2242664166315684,46.214185172179654
ג'ת,0.9103706901985762,0.5985919192626765,0.14933654823458062,0.16197586711122167,1.3349265651686506,0.7980293215448904,4.806448906361046,4.5204665973703255,92.08148217876828,5.6293531328520405,3436.4,arab,-3.8960782161624703,46.19007763761872
גבעת שמואל,56.28419213814745,6.757135706127996,6.9868643060381785,1.0734870335373592,25.224167884289614,1.7512973587392457,5.655326688459881,1.2821986302588089,0.21717936259184628,0.05096092144158556,14103.4,right,50.628865449687574,7.095453987334102
גבעתיים,24.50227881608625,1.3857444748344792,1.8053378237305835,0.2600367261872109,51.93394487225055,3.9232902283515196,19.67876221232538,3.9428292455777343,0.5887437152460655,0.21369196119487013,33988.4,center,4.8235166037608685,2.099709681353616
גדרה,45.68819547675986,2.349022056446646,5.599925286373975,1.0865565699064241,37.95010127342531,2.650446893559434,8.109292458181244,1.8134331247867979,0.1524743209390636,0.038892000538628894,13107.8,right,37.578903018578615,5.676162446843507
גדרות,20.055005017576672,1.342939580030318,0.9180470571383796,0.1858121514234421,59.80822785289128,5.689040682685477,16.64526348462413,4.826502098796784,0.3800514896706611,0.1990129170403211,2792.4,center,3.409741532952541,1.1080728019737103
גולן,41.92131894146495,5.575119051805936,1.287168962206628,0.47484691068611806,39.06037705846076,2.8820538041019073,11.693428072935145,2.592139066832684,0.13993901367417588,0.07859873890260911,8447.8,right,30.22789086852981,1.357138469043716
גוש חלב (ג'יש),13.399385675935628,6.221987111557594,0.9425363520868565,1.2596610601733078,9.40005352239333,4.447377529025273,8.9223276777269,3.8341708066895706,66.21515468973914,7.501045653950049,1295.4,arab,4.477057998208728,34.05011369695642
גזר,40.747890511305336,3.4137446586908884,3.8198402837134973,0.6766599511753751,37.132952859390016,3.367116574937965,13.699106808925686,2.698299327319783,0.15939563039184795,0.06825948717261365,14766.0,right,27.04878370237965,3.8995380989094213
גן יבנה,52.012404499382626,2.0120389642471253,6.427310834428492,1.1141728981296426,34.44667050223641,2.6146306715977516,5.038454604439993,1.768357330168142,0.10051729334133244,0.034280335728691234,12301.4,right,46.973949894942635,6.477569481099158
גן רוה,23.145654342825893,1.1737201601434788,0.7592229777584739,0.24769234852360186,56.595062066081255,4.802043173105541,17.527225677238985,3.534508049223528,0.2079447665402355,0.1358336656435586,3369.4,center,5.618428665586908,0.8631953610285916
גני תקווה,30.1897430515318,1.3977694636912092,9.264233210714805,0.7824176605714867,48.5725956084876,2.6101407611310923,10.123149411994977,2.6100876484598468,0.18671305357706977,0.05707148452160762,11620.0,center,20.066593639536823,9.35758973750334
דאלית אל-כרמל,16.255560165224118,11.370777320721954,0.8056556119105135,0.7099717092077037,66.04174070918937,16.237211740893514,9.927184258854442,3.3812725445303293,5.735091822921844,2.568383743736793,6856.6,center,6.328375906369676,3.6732015233714357
דבוריה,0.8462696396873165,0.5615874292790841,0.10487735092885613,0.06415925773191078,0.9888212404394647,1.0313927800241691,1.7747012700937046,1.0895030733640365,95.63124836023272,2.30791612032754,4156.0,arab,-0.9284316304063881,47.92050153104522
דימונה,70.26540762512003,2.015715511028361,12.054950413298817,1.8280939209351788,13.046615828262428,2.1765058897918848,2.3303298131336594,0.9524034081651711,0.23281004222373114,0.030294136389416713,17034.4,right,67.93507781198637,12.171355434410684
דיר אל-אסד,0.7555631701111207,0.48011297255656166,5.527153655419106,2.6119016427253445,1.7900591536544948,1.108200711689969,2.5174546604485437,2.1843982314737014,87.46157722255522,6.712491444912834,6055.0,arab,-1.761891490337423,49.257942266696716
דיר חנא,1.1871953498190495,0.5578045138255175,1.9489317708172642,0.5310900520118328,1.8099664967401439,1.485469516701404,1.5133010369149698,0.6574935172245374,93.1424338723588,2.754273273996412,5409.8,arab,-0.32610568709592025,48.520148706996665
דרום השרון,22.95950694104966,1.0712472219442044,1.4690385348888826,0.26769263034914825,55.22303108816969,4.670907588987445,17.814754291344634,3.833844218804255,0.2245110216432717,0.12346859510798387,17655.0,center,5.144752649705026,1.5812940457105185
הגלבוע,25.061971997399446,1.1868410532976594,2.3682533913152115,0.3320105621813507,33.49798602049452,3.462190228844153,14.519495106149739,3.6713451258387733,22.804329872495416,5.201328614969305,13869.4,center,10.542476891249708,13.770418327562918
הגליל העליון,12.636239687042973,0.8335398764642042,0.45811795310311726,0.0849593488425755,51.09258360672497,6.08915860600498,33.86634113456658,5.582636456039388,0.428797313155462,0.1880448061898254,10039.6,center,-21.23010144752361,0.6725166096808483
הגליל התחתון,47.62339381090108,3.933339999950933,2.6613927545405223,0.5410268217490287,34.469576635368696,2.99596858968733,10.52607312263969,2.2283577241710923,0.1257526578886828,0.054387544457986686,6218.6,right,37.09732068826139,2.7242690834848635
הוד השרון,27.264622074541798,1.203346971698023,2.5579942621074965,0.3719494082058315,54.82027363149225,3.3449619171471365,13.829443775802394,3.282193021011417,0.19605539487874987,0.07650841196287606,35121.2,center,13.435178298739404,2.6560219595468713
הערבה התיכונה,14.663963256648833,1.3389099756371692,0.37037669887054187,0.14094237117329067,61.56089986851655,5.766631385148529,19.890029725892404,5.239601536444369,0.42712594027110323,0.1366789506504436,1827.0,center,-5.226066469243571,0.5839396690060935
הרצליה,31.90828518313399,1.625990310510251,4.070003080410755,0.5057715870270189,49.75021265230305,3.119026815225362,12.628682291901681,2.9855164453471654,0.26770922457514146,0.0990015995687649,55386.4,center,19.279602891232308,4.2038576926983255
זבולון,14.864804759352847,1.0476387995266085,1.7341440962451593,1.268546508888822,44.73889604205776,3.1312927908598573,19.43870030024605,4.0874453982918695,17.929804589026045,5.1680534249191705,6126.4,center,-4.573895540893204,10.699046390758182
זכרון יעקב,26.612345345124186,1.5946008330277888,10.96140703948026,0.5987449599661466,46.72915133595167,3.0453190337197977,13.731424564315375,3.16975622843379,0.27945975788150934,0.1590842389528853,12370.4,center,12.880920780808811,11.101136918421014
זמר,0.8874917250626853,0.7627150944239433,1.2672714713579447,1.9049649747149866,1.5548655984938449,1.3836474026316088,5.070557039698119,5.55068708334031,90.41994830773668,9.09305433454721,2560.8,arab,-4.183065314635434,46.47724562522628
זרזיר,6.248081276404234,4.183408874639523,0.44437599183662685,0.28786924963012095,26.56000048684511,15.65241211178124,9.243650857149706,4.672454079580381,55.185008053012005,20.686702110639217,2337.6,arab,-2.9955695807454727,28.03688001834263
חבל אילות,17.349435692885727,1.519565675213494,0.8120056507588457,0.21288861422426023,46.5437202769268,6.155854461659135,32.914943284219916,5.595635614962606,0.8411067021209183,0.40203213218696954,2168.2,center,-15.565507591334189,1.232559001819305
חבל יבנה,68.23127788510601,8.731629410227574,8.804237793107424,1.3700573601981874,12.144522227974978,2.4397184891616592,2.5801680102280624,0.8377448526821738,0.04961513510021268,0.04813317727144938,2843.8,right,65.65110987487795,8.82904536065753
חבל מודיעין,45.864550337576354,3.3424217350165204,5.952630728762658,1.2723057033658287,33.30799936080334,3.4965169105871707,9.706880323720217,2.083633755388054,0.2027465882936319,0.08689155618884033,11833.6,right,36.15767001385613,6.054004022909474
חדרה,54.21578065931228,2.3977134278690526,9.055377391850413,0.9350653610767381,29.022561870263225,2.8057976393219257,5.34325903013842,1.2649386266904763,0.2937610224576198,0.11337200592213564,47542.0,right,48.87252162917386,9.202257903079223
חולון,49.51816171460947,1.8950821254459538,10.275389022624928,1.1305442814533058,32.38120998200735,2.4437324918718923,5.912773448367554,1.3735759914455272,0.10883369224374535,0.0320086149656019,100249.2,right,43.60538826624192,10.329805868746801
חוף אשקלון,47.51881916707748,3.946684608756283,6.899047522064571,1.2606852657757932,29.929551159763342,2.7418744446480026,10.732136714752249,1.9258722350272603,0.15576175780861953,0.038226974798006116,9447.0,right,36.78668245232523,6.97692840096888
חוף הכרמל,28.37465471381655,1.2302067484149424,2.4142890244355186,0.4101932590431932,48.83481569277385,3.8200921388472615,17.368065055976636,3.559919162164426,0.9590745777229344,0.35925697079003927,16635.6,center,11.006589657839914,2.893826313296986
חוף השרון,14.34262173606055,0.8040511540318964,0.8195436289255251,0.1555995184026109,57.33098108239691,5.937742772637259,25.31486722492,5.532019943847718,0.4017245605552716,0.18771912362119605,6569.6,center,-10.97224548885945,1.020405909203161
חורה,3.2606955610499666,1.9138680272810056,0.43659330667194407,0.4205288964677233,2.3081392412143327,1.9133332618037129,3.9108455415302514,3.3896209512662563,88.60435561282668,5.525746523143772,3554.8,arab,-0.6501499804802848,44.738771113085285
חורפיש,25.798126486686975,6.070166607127479,4.190859992200274,1.9039315412341828,47.69439888560972,8.253466150529555,12.803805679235321,5.088687733036982,5.915392218179212,3.1028608091023417,2386.4,center,12.994320807451654,7.14855610128988
חיפה,37.79288823374106,2.1544939465950463,6.460102104635159,0.4645639003311653,35.303768221575005,2.400563191810657,10.184300585470833,1.9437684980442957,8.405891308756084,1.476431959389528,141995.0,right,27.608587648270227,10.663047759013201
חצור הגלילית,59.65468519560661,3.1236866826596654,28.81987380923939,2.4374197090186156,7.767249384814457,1.858717085991652,1.6304974869171236,0.7135852898083723,0.07493810527919292,0.05513025566428717,4964.2,right,58.02418770868949,28.857342861878987
חריש,51.704394620998315,5.968253707578092,16.251506781268382,2.9488781508441844,22.07971420177306,2.250391775899219,4.756693799542765,1.3336996112113702,0.7712657981614444,0.37173053838586273,6482.4,right,46.94770082145555,16.637139680349105
טבריה,57.86132061427007,2.700163258447822,25.71146678587358,2.077107457578882,12.035459153378344,1.8775148784934843,1.8534217923315854,0.7301587624350053,0.13582224448701288,0.04784654919217687,20903.0,right,56.00789882193848,25.779377908117084
טובא-זנגריה,6.003579110718985,6.821401670624316,1.1389884320002908,0.8968392220493081,18.584398961339566,15.537314039650905,5.505439561256322,4.206798544074403,65.2263655318182,20.75079302840177,1821.8,arab,0.49813954946266303,33.75217119790939
טורעאן,1.3076864288677044,0.6855130398866599,0.7371105869971845,0.794898535356088,2.012156097973446,1.399850542454802,2.3360403961667804,1.6617602760273973,92.73357769158457,2.963577791364645,5000.8,arab,-1.028353967299076,47.10389943278947
טייבה,0.440445105009999,0.19740968793581345,0.3610947441881974,0.22683036443117863,0.9498750374108044,0.44031483420813833,3.528896041353363,2.5377909984776585,94.2880408294217,3.2398216289505646,17036.2,arab,-3.088450936343364,47.50511515889905
טירה,0.5447185720055204,0.26804313170598815,0.1088589659649438,0.05145987621762855,2.888455099516935,1.5484909338869537,7.5914747836848635,8.844076548244102,88.3154069586984,9.977836620137817,11274.8,arab,-7.046756211679343,44.26656244531414
טירת כרמל,64.5417558319443,2.3240853178172056,10.638284239168462,1.0570532979860146,19.824378606581796,2.9667958851188287,2.85659149944821,0.9629711019681201,0.13438960722055793,0.08086076755391661,12699.4,right,61.68516433249609,10.705479042778741
טמרה,0.5300861277284458,0.19311982153258794,1.0206309898346266,1.1134745500217007,1.557181876602094,1.1317787134041775,2.2118932715973374,2.3399650877039018,92.43313358125013,7.586483038698798,15063.8,arab,-1.6818071438688915,47.237197780459695
יאנוח - ג'ת,45.37673508723305,8.393270394113046,4.438424684448217,2.7075501250458256,35.90773088449528,3.698510730514163,5.102370243087167,2.232452913686126,3.5954660507203213,2.189179130267862,2358.2,right,40.274364844145886,6.236157709808378
יבנאל,30.872872044954494,3.6651712618412877,44.782260805357105,3.729177758149257,17.790881528213042,3.2555279189866884,3.3208006752610446,1.054211292266671,0.21347042498907748,0.1090853408118844,1747.8,haredi,27.55207136969345,44.888996017851646
יבנה,51.2745324242721,2.0912982468277344,11.099999744310725,1.3479183073532386,30.856663118952135,2.2592760114988804,4.6457776936514374,1.288770792383227,0.06847737554042008,0.019142838926073658,25408.2,right,46.62875473062066,11.134238432080936
יהוד -מונסון,43.65585304435491,1.826791047614055,4.551181402234467,0.646280057529027,41.8070751582668,2.277821935113977,8.129845740355567,2.029243429755917,0.11390531875833129,0.050188717774127894,17151.8,right,35.52600730399935,4.608134061613632
יואב,16.022854609018346,0.8657949349919638,2.0555346247577195,0.47849077274920426,48.947389547233534,5.397917492995373,30.400652502294257,4.933082835280149,0.45641422768363177,0.25025317573821615,4541.4,center,-14.377797893275911,2.2837417385995353
יסוד המעלה,30.76281441251057,1.743849218891639,1.2603695598128155,0.6896389653980296,51.447461991341115,3.447378731400772,13.78271582769032,2.785869338845412,0.20205596301524936,0.13104977749367083,891.2,center,16.980098584820247,1.3613975413204402
יפיע,2.983699551168308,1.3745282381287922,0.4701017383748047,0.3843403937640393,2.487058571297927,1.487281361040145,3.8832786997155004,1.9894522280362121,89.37627408955312,4.335014452788845,6912.0,arab,-0.8995791485471925,45.15823878315137
יקנעם עילית,52.87570792732993,2.4475736638574874,4.693967233061342,0.6319019117568311,33.73186972842865,2.2991974582648376,6.544667365192336,1.4031780896889028,0.10110317478967996,0.06184499439126259,12418.4,right,46.33104056213759,4.7445188204561815
ירוחם,60.968039500146496,2.5670087540968436,18.62346045366219,1.153902262689013,12.555164821231704,2.500269781873591,3.4252148538271543,1.1452278056898137,1.426312750418936,0.35851500107437645,4872.8,right,57.54282464631934,19.33661682887166
ירושלים,36.24853962208763,3.8707842485740453,40.17945521257428,1.809923575723734,12.917335234471917,1.2212481274023255,6.214248065622625,1.0276733073648434,1.4778263260780158,0.43713373475406053,258992.8,haredi,30.034291556465,40.91836837561329
ירכא,50.25870805406781,9.101625416095345,5.204811946184655,2.89037881962649,28.351871411734653,9.728087446724281,6.245679688599464,1.841988998380598,8.748152576550702,4.121316437630554,5783.2,right,44.013028365468344,9.578888234460006
כאבול,0.47048093909434935,0.20703405343428452,1.1835602154502358,1.3253571111176583,0.5409814196268846,0.5910375261881345,0.9509099205507537,0.875546558004638,96.20798222843227,3.0294401807718683,5771.4,arab,-0.4804289814564044,49.28755132966637
כאוכב אבו אל-היג'א,0.45043452504705883,0.47452999080407715,0.0677787313567806,0.05868261767257043,0.4513986405398037,0.24541883463303107,0.9497450523590244,0.8678525153273728,97.81465434338482,1.0564180145648063,1798.6,arab,-0.49931052731196557,48.97510590304919
כוכב יאיר,28.22832960916936,2.693240718982935,0.6095066237390734,0.12241963608502068,53.68275340597599,3.699456648394953,15.523068630296981,3.5682139477140997,0.1417582802921154,0.06103671121889601,5822.2,center,12.70526097887238,0.6803857638851311
כסייפה,1.2384437855502217,0.4669600886491985,0.5919753554146445,0.4286621043599173,5.235518784348182,1.400568798395891,2.4798331931421305,1.3952410827591382,89.26570976530738,2.9290772274674466,4540.2,arab,-1.2413894075919087,45.224830238068336
כסרא - סמיע,47.15998744302588,13.9676250061564,1.5717199167631375,1.8105426136830545,32.00246411237233,10.584048756562996,11.847443696053123,4.363295045571792,5.63492340349937,2.4946335708093947,2926.8,right,35.31254374697275,4.389181618512822
כעביה - טבאש - חג'אג'רה,5.918603838954039,4.116010339841183,2.193234436506361,3.4996576067925833,13.338768990381629,9.515383602048832,11.646931137309622,8.892904745433523,64.08331254534622,19.580010977454837,1909.6,arab,-5.728327298355583,34.23489070917947
כפר ברא,1.0742026762215482,1.2173258385923096,0.6131865992095078,0.7513692642531531,1.0848720952116298,0.8824042564281862,9.145068689389806,9.291807090358537,87.43182041886175,10.678710843761117,1571.4,arab,-8.070866013168258,44.32909680864038
כפר ורדים,21.058320411718114,2.067681725552338,0.45755601475177937,0.172909607398633,54.37635487887485,4.852586195004688,21.01426679262055,4.426606393308613,1.439678433329885,0.6669891363890305,3274.8,center,0.04405361909756422,1.177395231416722
כפר יאסיף,3.6102186778070084,0.9208634772644932,0.4637947275325853,0.20750728792176956,3.728079423953487,1.254834089815824,4.844303725777905,2.411282901128392,86.70761600637566,4.114278314132824,5040.0,arab,-1.234085047970897,43.81760273072042
כפר יונה,45.04525558257873,1.8968533370406047,5.360107880687389,0.861848926946684,40.713116347728736,2.3895298186404585,6.884656082259431,1.8161870698322067,0.1039723122977276,0.0308923566453849,12336.6,right,38.1605995003193,5.412094036836253
כפר כמא,5.2050927873729025,3.3877266685918586,0.2859941734251196,0.1200567229420516,61.61504681079407,10.896678628057987,19.210077133557245,6.420625565271216,11.505304578826392,6.608795265420808,1013.4,center,-14.004984346184344,6.038646462838315
כפר כנא,2.115141834073434,0.9836023051398868,0.6231825392025241,0.35982035888509567,2.0796263046834227,1.6539430321760384,2.9091584621522664,1.6150623321884583,89.71860234643516,4.265003295672695,8324.2,arab,-0.7940166280788326,45.482483712420105
כפר מנדא,1.125220617712524,0.965834250130634,7.675583314608083,3.5358237975126823,2.021759940326768,1.0074374098481544,2.61721539060551,1.8326997832769207,85.7111278601316,5.055351333022214,8226.2,arab,-1.491994772892986,50.53114724467388
כפר סבא,33.571368636299596,1.708616823046025,3.4460700404993316,0.5079327381568196,47.898978036814405,2.8025707677072074,13.071854309115533,2.838643516873828,0.28579214760253435,0.10727910352505855,57557.8,center,20.499514327184063,3.588966114300599
כפר קאסם,0.6190722753381948,0.23572336695069984,0.13936099753334644,0.06820092117450056,1.5049192671892824,0.8809970068379859,19.587165367146024,12.649693353517426,77.23078183725956,13.836116009110278,10077.8,arab,-18.96809309180783,38.75475191616312
כפר קרע,1.2105967670288664,0.4215252893602595,0.9321055535892182,0.7408641643467891,1.266210762298974,0.8516905203010405,4.363373727758837,3.750607617098757,91.19931162140306,5.705735978819823,7554.2,arab,-3.152776960729971,46.531761364290745
כפר שמריהו,20.911485809641665,1.519579321332333,0.7890560052187607,0.24629452408523073,62.06865553486962,4.698914149195411,14.926781219532746,4.082469669075679,0.48699956005016176,0.331554078748658,1219.8,center,5.984704590108919,1.0325557852438416
כפר תבור,32.75061202678755,2.3044822310998,1.2520605429874374,0.3028012560572736,51.34351262394972,4.1193265933516505,12.13895884818765,2.926515500615516,0.4583936853806769,0.14288914514148512,2445.2,center,20.6116531785999,1.4812573856777758
כרמיאל,55.769762724536896,3.5768418977570415,6.1269925782667665,0.748619103027522,30.084496273994393,2.718175742030396,4.6958294734553725,1.028402529683418,1.527862432754166,0.3889246189451332,24082.4,right,51.07393325108153,6.890923794643849
לב השרון,30.744391087069868,1.53691678041089,3.518857298026753,0.6520900033155738,48.937647677193254,3.5863039466824134,13.831976186457359,2.967851792502139,0.2212225689307658,0.07263307826453042,12103.8,center,16.91241490061251,3.629468582492136
להבים,31.728362352865474,1.5276932122216764,0.7342379669991116,0.1812002294153981,50.429911773606264,3.0064394113219515,14.41793349399883,2.8450025202491798,1.5839195054833284,0.47026563148297307,3789.2,center,17.310428858866644,1.5261977197407757
לוד,53.6803829214713,3.855910385755933,11.169069833080519,2.6932014476013384,13.056002452239383,2.7822332173093343,2.5282531208219585,0.7818873409626345,15.99841355385853,3.9497218322421337,32473.6,right,51.15212980064934,19.168276610009784
לכיש,52.0437536453401,5.597665926596779,10.972914865474602,1.253881366726078,24.51761408361543,2.46555687270205,6.889402876375331,1.4562127693585343,0.08775785536444494,0.023745327526417326,6197.8,right,45.15435076896477,11.016793793156824
לקיה,1.1423276216090203,0.7177075540286688,0.13780109630657783,0.06062589239962995,2.4330476058385053,3.0642114939936618,1.9374675371734813,1.709115645267531,93.29531042266672,5.436056225970744,3222.6,arab,-0.795139915564461,46.78545630763993
מבואות החרמון,39.11797084289347,2.4520344734875574,3.391172397880978,0.8406860182496122,41.710622976928185,4.156215333563563,13.231799864760982,2.8965750338927165,0.09102179115836674,0.04086413889205771,3949.6,center,25.88617097813249,3.4366832934601614
מבשרת ציון,44.924911808755915,2.4594432759852953,5.5341823300571535,0.8876563202978434,33.60256041895449,2.3278067501971145,13.718376035319935,2.328577500307338,0.330499377185696,0.1515774472105484,13665.2,right,31.20653577343598,5.699432018650001
מג'אר,14.906536559126618,6.728411893509221,6.14323956045587,1.9024524548516697,22.359740302114762,7.585794414057071,6.24836900001761,1.696299021846026,48.77333517577587,3.6952647375543717,7733.0,arab,8.658167559109007,30.529907148343803
מג'ד אל-כרום,0.49902500911133696,0.2820893467544236,0.5703524747576861,0.5405757817207645,0.43257257615813555,0.26064089755981024,1.8661755258900008,1.6588729141067378,95.97516649219044,2.5670274407048983,6862.8,arab,-1.367150516778664,48.5579357208529
מג'דל שמס,32.59553945524569,9.045177451016404,2.368527579476485,2.589676121648582,51.80989260317996,9.764849420737795,8.385266116863448,2.016174478355435,2.5914739657070944,1.816433734959366,191.0,center,24.210273338382244,3.664264562330032
מגדל,61.656826273655575,3.721271127341088,18.45141219117519,2.2225570175229357,13.041291550320059,1.7194444669217672,3.015834720376867,1.0455087613374139,0.5758234021745559,0.30597155090707245,929.0,right,58.64099155327871,18.73932389226247
מגדל העמק,62.68211568136594,2.3252625522731853,17.69967585186965,1.5694250578666393,14.61305383540594,1.9563683049573675,2.6131078256224898,0.769313638456657,0.0686492936967904,0.02767834590830716,13396.6,right,60.06900785574345,17.734000498718046
מגידו,18.92031713792933,0.7955545262572321,2.4345157426700137,0.23398388080795765,44.179961139409,4.924082903605172,32.83456015322829,4.816503268034048,0.3433920846709844,0.10064059854594977,6639.2,center,-13.914243015298958,2.606211785005506
מודיעין-מכבים-רעות,38.48681637522358,2.4908179891755453,2.3284447487337028,0.3510630855019567,45.567246436024995,2.7092444121416412,11.215040450796428,2.2720409320521426,0.15689362137474352,0.06735808322586996,48617.6,center,27.271775924427153,2.4068915594210747
מזכרת בתיה,38.72136182525097,2.2302939682170884,2.5633395056101986,0.47150234344838987,45.813591392544005,2.855386595549039,10.618024436287708,2.41150547719092,0.11764920474495029,0.03915552465970819,8135.2,center,28.103337388963265,2.6221641079826736
מזרעה,0.7007164371401637,0.39341480207932383,0.2573173213010841,0.11896913566454748,1.2407150409400516,0.7563178531147994,4.049326809109261,2.7863749547150896,92.66263671916207,4.398778638594972,1875.6,arab,-3.348610371969097,46.58863568088212
מטה אשר,22.29568934811475,0.9160098295340781,1.7358562922781076,0.1351365151634267,42.063525263925996,3.8809796672701116,23.2300849923649,4.0877800791997485,9.140160413380753,2.1963263729940103,15168.2,center,-0.9343956442501522,6.305936498968484
מטה יהודה,40.26044653350326,1.8859924156729853,5.666414706253198,0.70328406091193,30.351370486598775,3.301418005091873,16.01918375506397,2.723287670830963,4.155855549701424,1.3651370408691594,27334.8,right,24.241262778439292,7.74434248110391
מטולה,26.93020517245575,1.6001095586809588,0.9614916226680167,0.27039547904527217,52.5964178675567,3.845864976242301,16.593250546072323,3.0620067373318736,0.23195518734121298,0.2434925394499696,858.6,center,10.336954626383427,1.0774692163386232
מיתר,42.21103976139873,2.280819389731839,1.4902778537035826,0.3632004591726483,42.58785679958991,2.792211189775981,10.49144054145096,2.393358909497975,0.6934184043521624,0.30267461167785265,5385.4,center,31.71959921994777,1.8369870558796637
מנשה,16.724752865034915,0.5945392199484005,0.8588544259664367,0.05173777565925408,43.09479803306956,4.295046789230731,26.672167893556185,5.148140145657281,10.635566537392537,2.968496634141429,10105.6,center,-9.94741502852127,6.176637694662705
מסעדה,34.262307143339406,10.226715580514782,4.5970677942180815,2.3121749794852247,40.70782957780833,15.195721801194242,5.3459766408735705,3.2874000285312786,4.845150559285105,3.1927357774517753,81.4,center,28.916330502465836,7.0196430738606335
מעיליא,3.1601696279023166,1.5112785758612637,0.2133061989738012,0.2773054497691258,10.364165672672957,4.350212117643849,13.445280724153198,6.0257829560542016,72.15524106242692,9.737970166680624,1689.4,arab,-10.285111096250882,36.290926730187266
מעלה יוסף,52.947085769734066,3.7430582063129427,9.353538922518215,0.636715092352666,25.14387202860227,4.17836310135462,9.79547832001968,2.8514949270268475,0.26250733084573247,0.15942724941197564,5721.4,right,43.15160744971439,9.484792587941081
מעלה עירון,1.3266366958252136,0.9223016835280421,2.1704396674516446,2.21976196834591,1.0953610787572714,0.6100559757320558,2.4912503970538227,1.3006174099895476,92.13169635426485,3.989809293787394,4390.6,arab,-1.164613701228609,48.23628784458407
מעלות-תרשיחא,53.87684327245207,3.5655083855765834,6.8089219997098045,0.4648048154876486,13.374794796603954,2.484107762608379,3.526407733913706,1.0886204000301611,19.687989249078107,3.3724794671080205,11117.8,right,50.35043553853836,16.65291662424886
מצפה רמון,54.75301059713238,8.389910127446454,5.526516468565809,3.0740478941906217,16.571855254758752,2.175300102157751,14.930171816661835,2.2741523528492986,2.0356351490963087,0.6388030899569225,2022.8,right,39.82283878047055,6.544334043113963
מרום הגליל,53.69805980528753,3.727403442882442,13.597501447413629,2.1455805770541394,20.026762857992555,4.446160303454344,7.360271355008985,1.509990666002898,1.3892805475357561,0.41643283247741303,7024.2,right,46.337788450278545,14.292141721181506
מרחבים,49.52526087438302,2.7933067083237986,21.057354879632964,1.1392469197678936,20.41785848687774,2.8834376774082506,5.6736021375243215,1.7889999033595596,0.04410442134783148,0.03036741819548427,6711.8,right,43.8516587368587,21.07940709030688
משגב,17.186582508361294,0.9570323991617044,0.9598472961329836,0.4885206715477744,43.818379686935735,4.849625074799481,21.16730456574154,4.243004872454366,14.549536786235828,3.4347782615364477,14200.4,center,-3.9807220573802446,8.234615689250898
משהד,1.0689446644916079,0.689954738138365,0.22549426689248833,0.11987422850859979,1.021113871709367,0.45410408876000313,1.251284476585515,0.5761839842810031,95.33039072163203,1.5260621298901735,3074.4,arab,-0.18233981209390704,47.890689627708504
נהריה,59.99072650975175,2.406727721143295,6.51941754776229,0.9274187798861991,26.539538663926816,2.3321355498156118,4.571985384813511,1.2335547562314368,0.4386067730890694,0.1201418387314452,31520.2,right,55.418741124938244,6.7387209343068255
נווה מדבר,0.9000608176696746,0.310311881894485,0.2475884395915041,0.08558791174906784,2.624527698218391,2.2361101661253815,1.1592070685335092,1.1221736087899614,93.70630778365859,4.14381409472966,2525.0,arab,-0.2591462508638346,47.1007423314208
נחל שורק,58.26749754484588,13.274964883790654,29.49437020943148,3.1098281508981267,2.5303364591490944,0.5706840195902826,0.38661069277767157,0.20106462291038274,0.02499134888443514,0.03163086412786594,4065.8,right,57.88088685206821,29.506865883873697
נחף,0.696506943282889,0.3892060242148403,1.0085499276079348,0.40037255514993253,1.0110554003146652,0.47821290546743034,2.0386271420093314,1.3503419463993573,90.7720827801184,7.53192617730557,5017.6,arab,-1.3421201987264424,46.394591317667135
נס ציונה,33.77567959700168,1.6386595917952862,3.6131182616133017,0.5206520804282238,49.736556077448185,3.00348999524374,11.243156428271611,2.5252675463841907,0.16819583721728967,0.06622194388312495,25522.6,center,22.532523168730066,3.6972161802219468
נצרת,2.313383740046464,0.9568087675594771,0.2752875481410476,0.23486227645146418,2.4393679547358644,1.2515967964416386,3.599012066904966,2.628855967198727,90.42408808890269,4.274576136142656,27980.6,arab,-1.285628326858502,45.48733159259239
נשר,53.37902527552544,2.885272099489399,5.077743450695608,0.7959010526650416,34.01804702353749,2.5233013124812906,5.568427292308371,1.2446076417999683,0.3916054805676456,0.1317317070953673,12293.4,right,47.81059798321707,5.273546190979431
נתיבות,45.48370296055228,3.1722931863974373,46.792569892394475,1.5133809021666438,4.419977869909035,1.1810931035157872,0.7989756526173128,0.4094858195134402,0.03772782578890925,0.01096185208799293,18174.6,haredi,44.68472730793496,46.81143380528893
נתניה,53.870043462731886,2.347033459895771,14.135681636283028,1.405432485122642,25.75604383121969,2.1614632304673482,3.896093999572199,0.9386453899695345,0.07545462341738454,0.02125192741405011,108778.6,right,49.973949463159684,14.173408947991721
סאג'ור,28.537180040050707,9.441937701063686,9.165082277577536,4.298009163490606,20.640605234676713,5.7229916351329075,25.452506937514563,6.817482263725701,4.030332839335271,1.6252967960999807,1419.6,right,3.0846731025361436,11.180248697245172
סביון,27.307681712048236,1.355383274316483,1.230851949587325,0.18026146952654135,57.32904312624345,3.9139680279208062,12.744662477528475,3.250030505034228,0.5049232730375905,0.19391837002925988,2615.2,center,14.56301923451976,1.4833135861061202
סח'נין,0.4252706632237232,0.18889501878351578,0.32201043410354957,0.3952611716220494,1.4131365359113237,0.9028548882300921,2.0952213569091147,1.461952621085051,95.29155715456157,3.0786225883966045,16007.0,arab,-1.6699506936853914,47.96778901138433
ע'ג'ר,25.72220901544166,9.067126945710054,19.708701395511216,9.22259360596578,28.126955392403907,19.788685195975262,13.147602469360768,7.1172468960038575,10.215773759330531,5.999987581150546,653.4,center,12.574606546080892,24.816588275176482
עומר,36.00777815015965,1.112243056139563,0.9254695992886006,0.2660810297996623,46.72062326750061,3.1727309139610558,14.057512566500918,2.8532859254584877,0.8326565543388339,0.2352567346200757,4636.8,center,21.950265583658734,1.3417978764580176
עוספייא,18.43395342447555,10.194362743157962,0.8573199839010706,0.5970097396907906,46.149655400444566,12.8128502772602,11.03716859677608,2.9963195151844753,21.83005726289955,5.745493145911818,4694.4,center,7.39678482769947,11.772348615350847
עילבון,6.28771998185196,1.904325241981527,1.4706870819839104,0.9604265641939703,12.681266417575218,6.410520965561857,12.189209338793253,3.151221696757606,66.51411892315558,8.251892623233346,2725.0,arab,-5.901489356941293,34.7277465435617
עילוט,1.0559317175520468,0.4694844322825633,4.325750255294972,4.1400884557408135,1.0928575320531257,0.8344527622188123,2.571992743067491,2.6825474728585412,89.67642173072768,7.302447056713927,2309.0,arab,-1.516061025515444,49.16396112065881
עין מאהל,1.152168118343595,1.0734785767830135,1.6601378818585963,1.330140473964711,0.8272589641153949,0.7620982361914632,1.3679543853382872,1.0502533638013365,94.0136683199856,3.387546420857479,4885.8,arab,-0.21578626699469217,48.666972041851395
עין קיניה,43.96331435800126,7.561090970817309,3.133459835547122,2.7656335109270467,40.60847564832385,10.047111636973801,9.771030993042377,10.822340468130882,0.0,0.0,25.6,right,34.19228336495888,3.133459835547122
עכו,51.612082494796326,1.2564141478271276,8.165950155753148,0.8634331528368376,10.97586022390537,2.004975688058163,2.498063839927185,0.7935713507129606,24.958480072678885,3.5983526281236267,24608.6,right,49.11401865486914,20.645190192092592
עמק הירדן,25.086595066687703,1.0987361322688025,1.4227806671172225,0.2416653282421569,45.940434079198155,4.776417750681845,25.395039645821953,4.4722057856664765,0.3536944432521124,0.17199973030582374,7471.8,center,-0.3084445791342496,1.5996278887432787
עמק המעיינות,45.35307679768929,2.6664574595766837,2.788176367976118,0.5977771122997846,32.19891110100925,3.4052348132150736,15.549434498975554,2.736089663046288,0.15947361085711637,0.04932820491005685,7020.6,right,29.803642298713736,2.867913173404676
עמק חפר,18.47168817544583,0.7586860028479149,1.16071601321863,0.23518445977325067,55.3245744811323,5.626904568441055,22.382081876899726,4.912099526693262,0.4388634570853681,0.2343690784251298,22010.2,center,-3.910393701453895,1.3801477417613142
עמק יזרעאל,20.783186214848417,1.070816792025309,1.0692035179028445,0.18404642027499551,52.10530517847629,4.548047850673496,21.927456574642264,4.178411750684332,2.303835648249037,0.7245910043215124,21017.0,center,-1.1442703597938468,2.221121342027363
עפולה,62.996083911830134,2.649443946067784,11.864004382019713,1.8019255120056847,19.694834427287844,2.3094026075129057,3.15009648215686,0.8071223005367084,0.18933068410504644,0.06246760615520552,26504.0,right,59.84598742967327,11.958669724072237
עראבה,0.3706539431877078,0.2303879406049108,0.1228749004996034,0.08067426037444793,0.5044700669176737,0.32035345904247664,0.6347976053065948,0.33195674859424135,97.92489178443802,0.7149033314065234,10358.8,arab,-0.264143662118887,49.08532079271861
ערד,41.529338480133625,2.6552176761265756,27.154611421897904,3.025667990428454,24.006958383085912,1.9572408030818282,4.397632973218021,0.8556760519169789,0.9935353444266177,0.25382498666532305,12570.0,right,37.1317055069156,27.651379094111213
ערערה,0.7389792826767506,0.3009878736201341,0.3702421424964072,0.48544154497107167,1.4228882260524753,0.8420461370945316,4.308103310258323,4.554909706783835,92.13218969512296,6.510658811085887,6820.4,arab,-3.5691240275815725,46.43633699005789
ערערה בנגב,1.2842281315495256,0.700923483251095,0.490463851206692,0.5836875556971239,1.1275808066475663,0.8931558933358135,1.462718549020866,0.6524639227719538,94.75579941761285,2.388416826120935,4791.2,arab,-0.17849041747134042,47.868363560013115
פוריידיס,4.6470354080152125,4.165758493489851,2.3618945485127254,1.8084774536674315,3.972099125438813,4.329978706533339,11.436201921640867,11.19832609189718,76.31659286185712,21.268650046665343,4278.6,arab,-6.789166513625655,40.52019097944128
פסוטה,10.07384401916502,5.016768575025385,0.7483484881277555,1.0908459280088239,6.728567113696404,4.09916707046555,16.858937214156743,6.798750849112577,64.80125373069971,9.15769780765434,1325.6,arab,-6.785093194991724,33.14897535347761
פקיעין (בוקייעה),35.130194965361326,9.355754770641106,2.8977556769242585,2.4098963155644832,18.00738470548736,4.541908842479464,15.095541051687496,5.721862692876691,28.059722298881347,3.7500561466642957,2747.2,right,20.03465391367383,16.927616826364932
פרדס חנה - כרכור,39.40651221609728,1.970198610563044,5.065498646104656,0.6989223671125685,37.63411420825182,3.5304633134362233,15.253998659314323,3.7544034047200094,0.46109892207595327,0.18538985197076532,21650.8,right,24.15251355678296,5.296048107142632
פרדסיה,32.19298745567592,1.8539817837812855,2.6661814948363025,0.3758756840368672,52.91953490932461,3.0938746839987075,10.45561451886763,2.6309229613406866,0.137666106642357,0.12630840261667425,3959.8,center,21.73737293680829,2.735014548157481
פתח תקווה,49.939302889271495,3.4864245426923444,12.137962219503759,1.0805921612686786,29.891977026134196,1.8640622319855538,5.05776940182762,1.1107343047741576,0.09646210310048087,0.033011812219635096,130846.0,right,44.881533487443875,12.186193271054
צפת,52.31038907215395,6.129121250279516,34.06007692741359,3.2788527762024064,6.6560644437289795,1.2502638898797347,1.4094517048653463,0.4230623593030528,1.062202483940696,0.3399447814087117,14099.2,right,50.900937367288606,34.59117816938394
קדימה - צורן,30.70588854830745,1.5453902654306018,5.355695081399876,0.49813354309584607,51.12963010584369,3.0801766362081677,11.156142023878088,2.787270821424125,0.16564777008841827,0.060611813763856666,11715.6,center,19.54974652442936,5.438518966444085
קלנסווה,0.7947568447550529,0.4311767865859929,0.09429085960068614,0.06708490896521334,1.20444621229944,0.6008536676159171,3.099165009672307,2.8863618853520054,94.19932195619772,3.8096056221008006,7928.8,arab,-2.304408164917254,47.193951837699544
קצרין,64.07298357128222,5.220635799867565,3.7390681448126246,0.9157124448218618,23.38973556860048,2.430385169307671,4.1574030326518505,1.0462607669719446,0.10970431596990933,0.08920366921270781,3485.8,right,59.91558053863037,3.7939203027975794
קרית אונו,30.69352159022718,1.9855522182426362,3.2343160792041465,0.4588642625274323,50.49818123779767,2.90779722620447,13.758453626439064,3.0280415785367643,0.22773653118744006,0.0932617446716234,21741.8,center,16.935067963788118,3.3481843447978665
קרית אתא,60.10023461559274,2.6305706705052123,10.506850330716354,1.1345118427933139,23.83045119761344,2.532214578750239,3.3458692868773126,1.0159446749336463,0.06133939468716708,0.01729757488076739,30591.6,right,56.75436532871543,10.537520028059937
קרית ביאליק,49.292165635385416,1.9809828178273692,4.1054173694731855,0.5327285744685633,39.053304308304675,2.148737666969954,5.806863487323296,1.3466719087757655,0.08271704047023734,0.02100748549658083,21976.4,right,43.48530214806212,4.146775889708304
קרית גת,58.07932487932145,2.9718498879246638,21.68746507499275,2.1105337052443254,15.58396524949158,1.623571961054625,2.066162710135779,0.6222445631965934,0.041012835859595434,0.01551436262765431,28401.2,right,56.01316216918567,21.70797149292255
קרית טבעון,21.033218464207913,0.9967032398700817,1.8365624625955401,0.2902924613849266,49.65859736417666,4.77407207508667,24.71856077986778,4.6142046800429934,1.0658453591235963,0.33392389652205784,9526.6,center,-3.6853423156598666,2.3694851421573384
קרית ים,66.05127281001093,2.4112271312277236,4.907943049072042,1.0363537487911298,24.04172058575954,2.327556725340841,3.0875042240999386,0.7373545186411448,0.07286920520197479,0.020531874332887917,20341.8,right,62.96376858591099,4.94437765167303
קרית יערים,8.896476740740667,2.8585630166453626,87.79230694823917,2.1669458675667115,0.8138503184624829,0.32723438878664424,0.34376561786145843,0.17768820820315853,0.015788447834496594,0.019400083815351143,2534.2,haredi,8.552711122879208,87.80020117215642
קרית מוצקין,50.10259980853836,2.3264738936195397,3.2911129860348494,0.5623646123129445,39.155700053949275,2.6300792972384537,5.636358884088028,1.460913838459557,0.08690009544287562,0.022646642716721888,24785.4,right,44.46624092445033,3.3345630337562873
קרית מלאכי,58.958027702405005,6.129767535026776,23.800899884642543,3.6636841076066107,10.45612966617831,2.2082112390987536,1.8661919966302463,1.0605833182957485,0.08370187350900826,0.047804356185140576,11590.0,right,57.091835705774756,23.842750821397047
קרית עקרון,64.43012367529528,2.649710894600135,11.74916132699619,1.6111975971916872,17.96410980478158,2.698548387491261,3.1019718427308316,0.9473903808297641,0.2191043676513004,0.07359350543440699,5740.4,right,61.328151832564444,11.85871351082184
קרית שמונה,69.39145879055695,2.6675073858162937,9.506634073578002,1.7925100716755693,14.951308522186732,3.7015632308080737,3.6659434838640004,1.324360110574896,0.1967367688520792,0.057371053284464686,10925.2,right,65.72551530669296,9.605002458004043
ראמה,15.081125402465513,3.3215763684562574,1.2142694947085009,0.63462969293282,17.786241680143725,4.1233755867925606,8.876373299631329,3.66297334207938,56.04690309919472,6.418191098619456,3650.4,arab,6.204752102834185,29.23772104430586
ראש העין,46.148931594897896,2.6448724633520646,10.298857074271314,1.172765208881366,35.62473447049193,2.8678235425898677,5.445276008482099,1.50512320022038,0.08848340675249299,0.03273498523771646,33760.0,right,40.7036555864158,10.34309877764756
ראש פינה,33.97543205265684,2.868093166451979,2.1749264739112637,0.734336796444543,40.411955377673266,4.708070022107671,19.612620185382816,4.307933598656741,0.9750312941217905,0.4006157051974682,1691.8,center,14.362811867274026,2.662442120972159
ראשון לציון,48.76841812249313,2.2787780756518217,4.80351147860808,0.7294959477267403,38.668903136349776,2.2684409160812677,5.878853641103226,1.3142157206790765,0.09503266317926079,0.029709678921950144,137291.6,right,42.889564481389904,4.85102781019771
רהט,2.2535796651115843,2.011323997375869,0.40981590174999727,0.3379235765877765,3.2689178515006154,1.920521291316925,4.559257286571586,0.9993027493303984,87.1798271732296,4.55249708289905,19564.8,arab,-2.3056776214600014,43.99972948836479
רחובות,44.26835488662437,2.7673283051452158,10.999482458577464,1.0014143980490702,33.23398929557787,2.0784925174288613,8.63294816255868,1.7525738483340132,0.23988298235989217,0.07295727636304898,73831.6,right,35.63540672406569,11.11942394975741
ריינה,1.505038636119656,0.6865732749373455,1.051547364235264,1.2337891668689276,2.0570674996051124,1.4895336791557439,2.2489262334175244,1.3389437883294857,92.18441297727622,4.005274417333946,6150.0,arab,-0.7438875972978685,47.143753852873374
רכסים,9.126176617643168,1.0077028677179758,88.07484745605522,0.5973785040569497,1.674332538229209,0.2730625541353904,0.4534301949775091,0.14259474226710275,0.0037523452157598503,0.007504690431519701,5405.0,haredi,8.672746422665659,88.0767236286631
רמלה,55.34586582919411,1.3192986297682998,12.481336755085001,1.4589751290200639,13.487256183729238,2.592094844213828,3.1601239012958366,0.8117344196622859,13.67456659210814,2.705309555267704,33743.4,right,52.18574192789828,19.31862005113907
רמת גן,34.61151751076534,1.9162247001500052,4.480770912821984,0.5641391133175362,45.21564780183145,3.0195722340052122,13.329538061370892,2.7823354209186397,0.41916414509371147,0.1525278604739988,87743.0,center,21.28197944939445,4.69035298536884
רמת השרון,22.842228159498134,1.0458019021460867,4.209504663976799,0.42250469526057055,55.07654152622401,4.4692774306521885,16.415763147642636,4.169479320894796,0.3554761254531611,0.138942830712867,27028.2,center,6.426465011855498,4.387242726703379
רמת ישי,33.64953246025705,2.223103766830409,1.453699890213955,0.28925642858770434,51.69839119097505,2.900306652721381,11.723660821561841,2.360673403823221,0.0843186470292087,0.060765456368660445,4267.4,center,21.925871638695206,1.4958592137285593
רמת נגב,25.742349195072485,1.5273518614161095,0.7635172466601949,0.2503340781742636,40.79427135135005,4.883311735069899,28.811606631983835,4.157222667159668,0.6699056804057958,0.258554460850447,3196.0,center,-3.06925743691135,1.0984700868630928
רעננה,36.537188357866185,2.404981231162714,5.331603047723614,0.7222288279821047,44.95834486303071,2.8009989676803997,10.711024130987955,2.4359717518700137,0.16869297433728164,0.06857595485686138,44546.4,center,25.82616422687823,5.415949534892254
שגב שלום,1.058052444746859,0.373479586256772,0.7173719578562614,1.0768245543531387,0.8206444135186212,0.6706934247033085,0.7302865357635955,0.5947221408164609,95.78759902865171,1.1445283784677236,2850.0,arab,0.32776590898326363,48.611171472182114
שדות נגב,73.17663723992716,7.442089993067924,10.943156973103292,1.4305361378984887,7.944194932355387,1.7015799745253068,1.9653334515702519,0.731241529274295,0.056612110221308506,0.05924062882337084,5343.6,right,71.21130378835691,10.971463028213947
שדרות,69.18130110108892,3.5416879674894632,11.7414825750345,1.6215068248840403,11.101383364998402,2.357585593614938,4.423701662815176,2.4241066539592726,0.1707612980359642,0.05300052568884381,13396.2,right,64.75759943827374,11.826863224052481
שהם,35.74836642047323,2.5742144192062444,2.022755714016798,0.4297601047822444,49.90845072984632,2.918646700398337,10.078745026343523,2.237330507113415,0.09000057294210032,0.031975479017133636,12177.2,center,25.66962139412971,2.0677560004878486
שלומי,63.91156921336892,2.232192966359056,11.373632591978968,2.4932195767529923,19.333872127416278,2.7819662070356883,3.329611701579352,0.9658424869431628,0.15162916110485467,0.08641037910282984,3503.6,right,60.58195751178957,11.449447172531395
שעב,0.8120625609809478,0.308899422843241,1.1905164212399895,1.2200206323720204,2.578167855424957,1.4764151721264365,1.1879840677076503,0.8995693881089891,91.83216547297275,4.518079712266356,3257.0,arab,-0.37592150672670255,47.106599157726365
שער הנגב,18.439666861521697,1.5520849673939596,1.1602814416749534,0.19228553968143483,49.20693081982748,5.380310571498041,29.20645184165041,4.892545066741867,0.36669959757529763,0.13771005830924954,4356.6,center,-10.766784980128712,1.3436312404626023
שפיר,63.89231964927135,9.229002985775622,20.642917500932686,1.9447138101327526,6.842596188077389,1.208791369997879,1.4509445553918803,0.4355749806189788,0.023442059121293657,0.01707735898262509,5938.0,right,62.44137509387947,20.654638530493333
שפרעם,12.267041131206167,2.3523667726071484,0.47648045033975783,0.33855541464671274,6.870186025796587,2.7585895055685823,5.105620851422559,2.5883719061795203,74.16145945657118,7.292742384833154,15511.4,arab,7.1614202797836075,37.55721017862535
תל אביב -יפו,25.798675782079517,1.1582594116709186,4.813958667116732,0.47782533590867543,44.331080458012295,4.51056314185755,20.510664606221894,4.774697988366909,3.1883702690406728,0.7524744937914334,265910.2,center,5.288011175857623,6.408143801637069
תל מונד,32.63563483135158,1.916913990842855,2.685755233081381,0.5662787038183592,53.09799033228082,3.216617831041189,9.874523627265742,3.0440890757733867,0.09894127660158585,0.04401561578154544,7243.6,center,22.76111120408584,2.735225871382174
תל שבע,1.270373325572234,0.5715550953637334,0.2888119890203544,0.2825478522220147,1.4747549225416012,1.2803197950511285,1.508691567811126,1.4946052372761853,94.57341721393335,3.800659905773649,4732.0,arab,-0.23831824223889186,47.57552059598703
תמר,19.48549935732603,1.255628171443086,0.618793743781033,0.41407896574911357,48.81694417306922,4.621240276364361,27.097514116088583,4.307505566731215,0.6819050006550154,0.42975761781119504,651.4,center,-7.612014758762552,0.9597462441085407
