repr,metric,algo,k_target,k_actual,elapsed_s,error,k,pop_min,pop_max,pop_ratio,pop_cv,avg_within_std,avg_dominant_margin,min_dominant_margin,wcss,silhouette,n_disconnected
bloc_shares,euclidean,simulated_annealing,3,3,19.99,,3,1250530.4,1386521.2000000002,1.1087464966865261,0.04393605938191503,3118.9721445473583,9.506824662214557,1.0466602644718677,239328973367.79773,-0.030080093978124917,0
bloc_shares,euclidean,simulated_annealing,5,5,16.78,,5,4380.8,1169734.4000000001,267.0138787436085,0.553989802663605,3449.0226248404015,11.140879224658963,0.43383272784763705,198588065513.74722,-0.5243795591090825,0
bloc_shares,euclidean,simulated_annealing,7,7,19.58,,7,4380.8,1235496.4,282.0252921840759,0.6433001042970174,2983.8695578319107,19.987533021611593,1.0376358640581813,197296272616.83145,-0.550759260304193,0
bloc_shares,euclidean,simulated_annealing,10,10,23.63,,10,4380.8,970388.0,221.50931336742147,0.7268203654574336,3101.084585969619,26.263634808467337,0.4568166332793595,180180313760.3282,-0.5705154873409195,0
bloc_shares,euclidean,simulated_annealing,15,15,24.53,,15,4380.8,525867.0,120.03903396639883,0.6177702128247876,2594.826732026261,23.898233427147435,4.027980609922167,147679134964.27997,-0.5751732126804564,0
bloc_shares,euclidean,simulated_annealing,20,20,29.25,,20,4380.8,840166.8,191.78387509130752,0.8884612739249397,2346.694842189531,27.121598388989163,0.20263269060777134,135802366101.5007,-0.6543436941460792,0
bloc_shares,euclidean,agglomerative_average,3,3,0.15,,3,258992.8,3399174.8000000007,13.12459188054649,1.1304578931642342,2139.7078302503655,11.212205895649959,3.9309155904866557,124525621507.31853,0.9046218082926424,0
bloc_shares,euclidean,agglomerative_average,5,5,0.2,,5,115329.6,3141850.200000001,27.242357556082748,1.5036237522156823,1908.6425516220695,12.323518952950689,2.4891200121660546,98090415302.0244,0.7836139440896838,0
bloc_shares,euclidean,agglomerative_average,7,7,0.15,,7,3874.2,3029197.400000001,781.8897836972797,1.8040502813483783,1826.3217732068663,16.857047586277275,2.4891200121660546,88966572378.52681,-0.5423807813471708,0
bloc_shares,euclidean,agglomerative_average,10,10,0.15,,10,3874.2,2624726.000000002,677.4885137576795,1.9125217031422925,2111.679461411154,19.160184743965072,2.4891200121660546,58896586664.77457,-0.6134022047033785,0
bloc_shares,euclidean,agglomerative_average,15,15,0.15,,15,3874.2,2143296.800000001,553.2230654070521,1.9550003956954853,1521.101025662793,20.496294374969047,2.3759538286207835,24572945981.531357,-0.6374510920250235,0
bloc_shares,euclidean,agglomerative_average,20,20,0.15,,20,3874.2,1889646.6000000006,487.7514325538177,2.011139118555376,478.8572285118209,20.469664726214745,2.4891200121660546,14076350766.171938,-0.5787417927771723,0
bloc_shares,euclidean,louvain,3,3,0.18,,3,536270.0,2477163.4,4.619246648143659,0.6427352101836,2407.4903334985097,23.25178525170169,8.982645053596006,227329252836.85266,-0.1793409137106157,0
bloc_shares,euclidean,louvain,5,5,0.24,,5,270188.60000000003,1527627.2,5.653929144308826,0.6843854541030363,2314.545646796624,28.271464928659707,3.831827075441929,223078936526.03644,-0.27502722271089314,0
bloc_shares,euclidean,louvain,7,7,0.26,,7,129376.80000000003,1270627.8,9.821141039197133,0.7135710440804222,2295.639267759483,26.75530145750385,8.381382969651685,216872156344.31927,-0.31478652022871034,0
bloc_shares,euclidean,louvain,10,10,0.21,,10,39602.6,1292761.4,32.64334664895739,1.098657090192067,1812.532303505419,22.437234222620255,3.995902760624034,213331557524.0761,-0.42457683638694305,0
bloc_shares,euclidean,louvain,15,15,0.33,,15,3089.0,1292761.4,418.50482356749757,1.4510841845362206,1491.2140803096795,25.19603330824734,2.8375790718261484,208766104037.54688,-0.5863584630551119,0
bloc_shares,euclidean,louvain,20,20,0.33,,20,3257.0,1320916.9999999998,405.5624808105618,1.8588499767585605,1062.8982143676385,41.64785999017935,0.8657239110632702,214227483711.4235,-0.6335634900143143,0
bloc_shares,euclidean,kmeans_baseline,3,3,0.04,,3,524903.0,2074867.4000000006,3.9528587186584963,0.48383982623181754,1250.208515218907,8.746558352471979,2.1235514330507854,29967586853.967365,0.8579989148692911,3
bloc_shares,euclidean,kmeans_baseline,5,5,0.04,,5,524903.0,988310.6000000001,1.882844258844015,0.21054995182983985,824.6809107599618,8.807890168768077,1.7907337729774895,8300490434.913137,0.6627334297721994,5
bloc_shares,euclidean,kmeans_baseline,7,7,0.05,,7,410132.6,682210.9999999998,1.6633913032029148,0.15671891979943287,510.66430733406145,12.055757394254806,2.1235514330507854,3293262845.169797,0.6554347311835531,7
bloc_shares,euclidean,kmeans_baseline,10,10,0.06,,10,219778.39999999997,584234.1999999998,2.6582876206214983,0.27281228963713927,375.16058431522185,11.571792883567957,2.1235514330507854,1480861018.7106352,0.5614700134847073,10
bloc_shares,euclidean,kmeans_baseline,15,15,0.06,,15,128552.80000000002,524903.0,4.083170494925042,0.42163813728366223,191.96918111257094,15.181781061092684,1.9788547322617944,477828031.1097914,0.5580168716486682,14
bloc_shares,euclidean,kmeans_baseline,20,20,0.06,,20,31728.399999999998,524903.0,16.543632833675826,0.5079028930576929,137.01968717247652,15.79307925243406,2.1235514330507854,222374182.4139592,0.5518880141941928,17
bloc_shares,cosine,simulated_annealing,3,3,18.92,,3,1250530.4,1386521.2000000002,1.1087464966865261,0.04393605938191503,3118.9721445473583,9.506824662214557,1.0466602644718677,239328973367.79773,-0.030080093978124917,0
bloc_shares,cosine,simulated_annealing,5,5,16.34,,5,4380.8,1169734.4000000001,267.0138787436085,0.553989802663605,3449.0226248404015,11.140879224658963,0.43383272784763705,198588065513.74722,-0.5243795591090825,0
bloc_shares,cosine,simulated_annealing,7,7,19.27,,7,4380.8,1235496.4,282.0252921840759,0.6433001042970174,2983.8695578319107,19.987533021611593,1.0376358640581813,197296272616.83145,-0.550759260304193,0
bloc_shares,cosine,simulated_annealing,10,10,23.45,,10,4380.8,970388.0,221.50931336742147,0.7268203654574336,3101.084585969619,26.263634808467337,0.4568166332793595,180180313760.3282,-0.5705154873409195,0
bloc_shares,cosine,simulated_annealing,15,15,24.59,,15,4380.8,525867.0,120.03903396639883,0.6177702128247876,2594.826732026261,23.898233427147435,4.027980609922167,147679134964.27997,-0.5751732126804564,0
bloc_shares,cosine,simulated_annealing,20,20,29.23,,20,4380.8,840166.8,191.78387509130752,0.8884612739249397,2346.694842189531,27.121598388989163,0.20263269060777134,135802366101.5007,-0.6543436941460792,0
bloc_shares,cosine,agglomerative_average,3,3,0.16,,3,25.6,3923677.200000001,153268.64062500003,1.4139970059051719,1508.1229122205639,6.21781552974181,3.3548387096774164,244788169749.3137,-0.4072899223859048,0
bloc_shares,cosine,agglomerative_average,5,5,0.15,,5,25.6,3923677.200000001,153268.64062500003,1.9997447819495457,3009.02740350457,12.073045298149484,3.3548387096774164,244788162441.05975,-0.4128928653116295,0
bloc_shares,cosine,agglomerative_average,7,7,0.15,,7,25.6,3910455.800000001,152752.17968750003,2.4395813073378316,3020.5644313619855,13.777376314349366,3.3548387096774164,244480544555.82962,-0.665533589607844,0
bloc_shares,cosine,agglomerative_average,10,10,0.15,,10,25.6,3908014.800000001,152656.82812500003,2.986369515741333,3035.7383333181806,16.77187043552151,2.4047463769622475,243630182874.52115,-0.6620541371799711,0
bloc_shares,cosine,agglomerative_average,15,15,0.15,,15,25.6,3898349.400000001,152279.27343750003,3.7153918284837424,1543.0081467927698,27.54575007224969,2.4047463769622475,241688795779.78558,-0.652170253545455,0
bloc_shares,cosine,agglomerative_average,20,20,0.16,,20,25.6,3889612.2000000007,151937.97656250003,4.318621377408692,1556.732759448937,32.60312923712274,2.4047463769622475,240284363239.70572,-0.6648852437818396,0
bloc_shares,cosine,louvain,3,3,0.15,,3,378988.9999999999,2702220.5999999996,7.1300765985292465,0.7674688810738346,2089.3959178086316,36.127775237880876,10.86219521975297,223034243064.8876,-0.2229826267053984,0
bloc_shares,cosine,louvain,5,5,0.25,,5,279715.2,1538939.4000000001,5.501808267838144,0.6848022434581105,2314.2374970914925,27.62068298438475,0.7807407799254023,222419929435.81818,-0.27320336238067294,0
bloc_shares,cosine,louvain,7,5,0.5,,5,279715.2,1538939.4000000001,5.501808267838144,0.6848022434581105,2314.2374970914925,27.62068298438475,0.7807407799254023,222419929435.81818,-0.27320336238067294,0
bloc_shares,cosine,louvain,10,11,0.51,,11,43837.8,1279940.2,29.19718142790012,1.1229230026811834,1823.037435741885,16.10591294558697,1.122923643314273,207793360202.19913,-0.37614495232171363,0
bloc_shares,cosine,louvain,15,15,0.33,,15,32542.199999999997,1346157.2,41.3665087179109,1.4302643321412718,1460.6532581635026,19.80503236697391,0.9615493478087416,207527561327.48547,-0.5246643483823415,0
bloc_shares,cosine,louvain,20,21,0.56,,21,1571.4,1346157.2,856.6610665648466,1.7985612973409288,1315.023907447624,34.37862859876213,0.9615493478087416,207230482321.25732,-0.645077176713416,0
bloc_shares,cosine,kmeans_baseline,3,3,0.04,,3,524903.0,2074867.4000000006,3.9528587186584963,0.48383982623181754,1250.208515218907,8.746558352471979,2.1235514330507854,29967586853.967365,0.8579989148692911,3
bloc_shares,cosine,kmeans_baseline,5,5,0.05,,5,524903.0,988310.6000000001,1.882844258844015,0.21054995182983985,824.6809107599618,8.807890168768077,1.7907337729774895,8300490434.913137,0.6627334297721994,5
bloc_shares,cosine,kmeans_baseline,7,7,0.05,,7,410132.6,682210.9999999998,1.6633913032029148,0.15671891979943287,510.66430733406145,12.055757394254806,2.1235514330507854,3293262845.169797,0.6554347311835531,7
bloc_shares,cosine,kmeans_baseline,10,10,0.05,,10,219778.39999999997,584234.1999999998,2.6582876206214983,0.27281228963713927,375.16058431522185,11.571792883567957,2.1235514330507854,1480861018.7106352,0.5614700134847073,10
bloc_shares,cosine,kmeans_baseline,15,15,0.06,,15,128552.80000000002,524903.0,4.083170494925042,0.42163813728366223,191.96918111257094,15.181781061092684,1.9788547322617944,477828031.1097914,0.5580168716486682,14
bloc_shares,cosine,kmeans_baseline,20,20,0.06,,20,31728.399999999998,524903.0,16.543632833675826,0.5079028930576929,137.01968717247652,15.79307925243406,2.1235514330507854,222374182.4139592,0.5518880141941928,17
bloc_shares,jensen_shannon,simulated_annealing,3,3,18.74,,3,1250530.4,1386521.2000000002,1.1087464966865261,0.04393605938191503,3118.9721445473583,9.506824662214557,1.0466602644718677,239328973367.79773,-0.030080093978124917,0
bloc_shares,jensen_shannon,simulated_annealing,5,5,16.28,,5,4380.8,1169734.4000000001,267.0138787436085,0.553989802663605,3449.0226248404015,11.140879224658963,0.43383272784763705,198588065513.74722,-0.5243795591090825,0
bloc_shares,jensen_shannon,simulated_annealing,7,7,19.29,,7,4380.8,1235496.4,282.0252921840759,0.6433001042970174,2983.8695578319107,19.987533021611593,1.0376358640581813,197296272616.83145,-0.550759260304193,0
bloc_shares,jensen_shannon,simulated_annealing,10,10,23.52,,10,4380.8,970388.0,221.50931336742147,0.7268203654574336,3101.084585969619,26.263634808467337,0.4568166332793595,180180313760.3282,-0.5705154873409195,0
bloc_shares,jensen_shannon,simulated_annealing,15,15,24.8,,15,4380.8,525867.0,120.03903396639883,0.6177702128247876,2594.826732026261,23.898233427147435,4.027980609922167,147679134964.27997,-0.5751732126804564,0
bloc_shares,jensen_shannon,simulated_annealing,20,20,29.31,,20,4380.8,840166.8,191.78387509130752,0.8884612739249397,2346.694842189531,27.121598388989163,0.20263269060777134,135802366101.5007,-0.6543436941460792,0
bloc_shares,jensen_shannon,agglomerative_average,3,3,0.42,,3,25.6,3923677.200000001,153268.64062500003,1.4139970059051719,1508.1229122205639,6.21781552974181,3.3548387096774164,244788169749.3137,-0.4072899223859048,0
bloc_shares,jensen_shannon,agglomerative_average,5,5,0.42,,5,25.6,3910453.800000001,152752.10156250003,1.9913293989517442,1513.8809410448087,7.082138301979657,2.4047463769622475,244480620271.14435,-0.6638163982367244,0
bloc_shares,jensen_shannon,agglomerative_average,7,7,0.41,,7,25.6,3909802.4000000013,152726.65625000003,2.43910522461411,1514.5944916206636,11.441484274221946,2.4047463769622475,244194249072.63977,-0.6569647443334374,0
bloc_shares,jensen_shannon,agglomerative_average,10,10,0.42,,10,25.6,3907039.200000001,152618.71875000003,2.985540505746217,1522.255455998245,16.88782458955172,2.4047463769622475,243347047710.67346,-0.6559921092675715,0
bloc_shares,jensen_shannon,agglomerative_average,15,15,0.42,,15,25.6,3902418.800000001,152438.23437500003,3.719547572753566,3061.8156316212744,22.305282432428644,2.4047463769622475,242212644932.6652,-0.6539165591061465,0
bloc_shares,jensen_shannon,agglomerative_average,20,20,0.42,,20,25.6,3894224.6000000006,152118.1484375,4.32401250978418,3088.9919971159193,25.089802829807184,2.4047463769622475,240816670793.164,-0.6506042983289392,0
bloc_shares,jensen_shannon,louvain,3,3,0.42,,3,441649.39999999997,2795392.1999999993,6.329437331965128,0.8076958338200608,2093.0923337285335,31.847466166723184,10.679466593897004,222545042655.7295,-0.2021160517152442,0
bloc_shares,jensen_shannon,louvain,5,5,0.47,,5,279715.2,1483746.0,5.304488279507155,0.6808611605043657,2314.74673370252,27.882917127298583,1.880260729315566,223024632229.59497,-0.27251432907888684,0
bloc_shares,jensen_shannon,louvain,7,7,0.46,,7,153881.2,2344028.8000000003,15.232717187024797,1.3052367409101435,1855.6907953336618,25.327971122534418,6.4875439244986595,210744475317.55457,-0.2858219564609079,0
bloc_shares,jensen_shannon,louvain,10,10,0.49,,10,20308.6,1976339.9999999998,97.31542302275882,1.364552943960838,2248.5935541643107,20.78402918628263,1.0094483449603473,204382420026.4977,-0.37364856048579453,0
bloc_shares,jensen_shannon,louvain,15,15,0.54,,15,27889.0,1129739.2000000002,40.50841550432071,1.204312152836218,1531.036123463335,25.45542588858957,1.1131333106117154,210265178883.3563,-0.5309440927032298,0
bloc_shares,jensen_shannon,louvain,20,20,0.55,,20,3089.0,1129739.2000000002,365.72975072839114,1.4377092953421997,1464.1937307022022,37.87117908069418,1.0094483449603473,199254118188.77164,-0.6292119118549966,0
bloc_shares,jensen_shannon,kmeans_baseline,3,3,0.04,,3,524903.0,2074867.4000000006,3.9528587186584963,0.48383982623181754,1250.208515218907,8.746558352471979,2.1235514330507854,29967586853.967365,0.8579989148692911,3
bloc_shares,jensen_shannon,kmeans_baseline,5,5,0.04,,5,524903.0,988310.6000000001,1.882844258844015,0.21054995182983985,824.6809107599618,8.807890168768077,1.7907337729774895,8300490434.913137,0.6627334297721994,5
bloc_shares,jensen_shannon,kmeans_baseline,7,7,0.05,,7,410132.6,682210.9999999998,1.6633913032029148,0.15671891979943287,510.66430733406145,12.055757394254806,2.1235514330507854,3293262845.169797,0.6554347311835531,7
bloc_shares,jensen_shannon,kmeans_baseline,10,10,0.05,,10,219778.39999999997,584234.1999999998,2.6582876206214983,0.27281228963713927,375.16058431522185,11.571792883567957,2.1235514330507854,1480861018.7106352,0.5614700134847073,10
bloc_shares,jensen_shannon,kmeans_baseline,15,15,0.06,,15,128552.80000000002,524903.0,4.083170494925042,0.42163813728366223,191.96918111257094,15.181781061092684,1.9788547322617944,477828031.1097914,0.5580168716486682,14
bloc_shares,jensen_shannon,kmeans_baseline,20,20,0.06,,20,31728.399999999998,524903.0,16.543632833675826,0.5079028930576929,137.01968717247652,15.79307925243406,2.1235514330507854,222374182.4139592,0.5518880141941928,17
raw_party_shares,euclidean,simulated_annealing,3,3,19.27,,3,1136746.4,1421038.5999999999,1.2500928967094156,0.09415551198627421,1.0894083159200914,3.5852699542477104,2.5667626246986295,169926.11442015693,0.11217269920644171,0
raw_party_shares,euclidean,simulated_annealing,5,5,22.78,,5,453276.19999999995,1110876.0,2.4507706338872417,0.34207108356655885,1.0909555993247912,5.9192650546405865,3.046955839802507,191007.11997323728,-0.05933782696715021,0
raw_party_shares,euclidean,simulated_annealing,7,7,26.47,,7,217608.6,939893.5999999997,4.319193267177859,0.4602461473889518,1.216612346357236,7.4430410417016475,0.5033182946368022,234230.16380147164,-0.13963557332849638,0
raw_party_shares,euclidean,simulated_annealing,10,10,32.7,,10,1821.8,930366.9999999998,510.68558568448776,0.757637434221825,1.146847289616791,7.139584720518769,0.24806063395623568,202132.64350605136,-0.207343011222417,0
raw_party_shares,euclidean,simulated_annealing,15,15,37.47,,15,27862.399999999998,621342.5999999999,22.300397668542548,0.7067659922524301,0.9680602252885667,9.760626085046825,1.6198456296597108,171835.39632266707,-0.2894355831585363,0
raw_party_shares,euclidean,simulated_annealing,20,20,42.58,,20,191.0,651913.0,3413.1570680628274,0.9614558652025182,0.8888160557231422,12.188191074602054,0.19242929707572287,131911.96502255736,-0.2990153729335981,0
raw_party_shares,euclidean,agglomerative_average,3,3,0.17,,3,110200.59999999999,3419056.400000001,31.02575122095525,1.1446558573669152,0.6441468573853365,19.306647766798392,3.3895669430883224,107342.47677014064,0.5661632770058126,0
raw_party_shares,euclidean,agglomerative_average,5,5,0.17,,5,1295.4,3416435.400000001,2637.359425660028,1.6865878966181844,0.6322254544940528,21.221866356637626,3.394354887926326,101701.58056724715,0.3796301467107662,0
raw_party_shares,euclidean,agglomerative_average,7,7,0.17,,7,1295.4,3412704.0000000005,2634.478925428439,2.0906528496671406,0.620327794454454,16.611682131191706,1.691978568892221,97268.10347295075,0.3231999576830959,0
raw_party_shares,euclidean,agglomerative_average,10,10,0.18,,10,1295.4,3361270.6000000006,2594.774278215223,2.539214617482828,0.6058951044649281,14.819545483795782,0.3265899410563833,91434.06804775484,0.2513487373709431,0
raw_party_shares,euclidean,agglomerative_average,15,15,0.27,,15,1295.4,3340136.0000000005,2578.4591631928365,3.1675825606736345,0.5865897928368907,14.820204186044407,0.3265899410563833,83367.93405133768,0.08745142900725299,0
raw_party_shares,euclidean,agglomerative_average,20,20,0.16,,20,1295.4,3024269.600000001,2334.622201636561,3.3449616933275967,0.5664510963107676,14.753711001849993,0.3265899410563833,78238.78402938395,-0.1793280522987598,0
raw_party_shares,euclidean,louvain,3,3,0.16,,3,378988.9999999998,2724230.7999999993,7.188152690447482,0.7779097734190825,0.8681131126151103,12.880220177457275,2.927158510412376,127122.47262150975,0.18325889018790884,0
raw_party_shares,euclidean,louvain,5,5,0.21,,5,79924.99999999999,1527627.2,19.113258680012514,0.6874608278554578,0.754001875146142,13.939566868620375,4.762970890801892,116427.38629355853,0.08939720655085037,0
raw_party_shares,euclidean,louvain,7,7,0.24,,7,34170.0,1527627.2,44.70667837284167,0.9461193632984956,0.8546969623967405,11.840854419234175,4.267572098472048,121802.67606515616,0.059444884666796004,0
raw_party_shares,euclidean,louvain,10,10,0.25,,10,18952.800000000003,1196603.5999999999,63.13597990798192,0.9496515441324448,0.7796715110118514,12.874005500169122,0.6316760765836484,124028.00442518854,-0.1165164546606872,0
raw_party_shares,euclidean,louvain,15,15,0.26,,15,4278.6,1196603.5999999999,279.67176179124004,1.3499101067074704,0.6413561297851761,17.53668737825604,0.6217353946738555,125786.28644060482,-0.09879428523966922,0
raw_party_shares,euclidean,louvain,20,20,0.3,,20,3074.4,1196603.5999999999,389.21532656778555,1.65247255747033,0.5808516276978141,21.285587599427327,0.6217353946738555,133029.50424361747,-0.11520561827887459,0
raw_party_shares,euclidean,kmeans_baseline,3,3,0.05,,3,407161.2,2191045.8000000007,5.381273559464901,0.5568522194371099,0.6945972117848318,21.463286573432878,16.33703681045937,73008.69598627834,0.4915591659148821,3
raw_party_shares,euclidean,kmeans_baseline,5,5,0.05,,5,407161.2,1077226.6,2.645700523527291,0.3906760533798763,0.6321299707520652,18.996828788882915,3.9890101374319897,47954.29832602982,0.43988707590679804,5
raw_party_shares,euclidean,kmeans_baseline,7,7,0.05,,7,90695.4,1068438.0000000002,11.780509265078496,0.7187329045021332,0.5614578753085586,16.85218522719443,3.045770972766121,37024.961114840975,0.3742054591440388,7
raw_party_shares,euclidean,kmeans_baseline,10,10,0.06,,10,19922.399999999998,1048388.8000000002,52.62361964421959,0.9641015579467788,0.46278191322758094,17.302945188118834,0.6204325517511755,29851.196026849142,0.3335779622439258,8
raw_party_shares,euclidean,kmeans_baseline,15,15,0.06,,15,4065.8,924396.8,227.35914211225344,1.0441049450831696,0.4304023766774262,15.626626117731677,0.3265899410563833,22641.450049834875,0.31457370308577165,11
raw_party_shares,euclidean,kmeans_baseline,20,20,0.07,,20,14558.8,763987.6,52.476000769294174,1.126171068919652,0.3656845611138931,16.656885974859126,2.59239589651758,17861.587434195404,0.3096348163420092,15
raw_party_shares,cosine,simulated_annealing,3,3,18.94,,3,1136746.4,1421038.5999999999,1.2500928967094156,0.09415551198627421,1.0894083159200914,3.5852699542477104,2.5667626246986295,169926.11442015693,0.11217269920644171,0
raw_party_shares,cosine,simulated_annealing,5,5,22.72,,5,453276.19999999995,1110876.0,2.4507706338872417,0.34207108356655885,1.0909555993247912,5.9192650546405865,3.046955839802507,191007.11997323728,-0.05933782696715021,0
raw_party_shares,cosine,simulated_annealing,7,7,26.28,,7,217608.6,939893.5999999997,4.319193267177859,0.4602461473889518,1.216612346357236,7.4430410417016475,0.5033182946368022,234230.16380147164,-0.13963557332849638,0
raw_party_shares,cosine,simulated_annealing,10,10,32.35,,10,1821.8,930366.9999999998,510.68558568448776,0.757637434221825,1.146847289616791,7.139584720518769,0.24806063395623568,202132.64350605136,-0.207343011222417,0
raw_party_shares,cosine,simulated_annealing,15,15,37.44,,15,27862.399999999998,621342.5999999999,22.300397668542548,0.7067659922524301,0.9680602252885667,9.760626085046825,1.6198456296597108,171835.39632266707,-0.2894355831585363,0
raw_party_shares,cosine,simulated_annealing,20,20,41.53,,20,191.0,651913.0,3413.1570680628274,0.9614558652025182,0.8888160557231422,12.188191074602054,0.19242929707572287,131911.96502255736,-0.2990153729335981,0
raw_party_shares,cosine,agglomerative_average,3,3,0.17,,3,110200.59999999999,3419056.400000001,31.02575122095525,1.1446558573669152,0.6441468573853365,19.306647766798392,3.3895669430883224,107342.47677014064,0.5661632770058126,0
raw_party_shares,cosine,agglomerative_average,5,5,0.16,,5,1295.4,3416435.400000001,2637.359425660028,1.6865878966181844,0.6322254544940528,21.221866356637626,3.394354887926326,101701.58056724715,0.3796301467107662,0
raw_party_shares,cosine,agglomerative_average,7,7,0.16,,7,1295.4,3412704.0000000005,2634.478925428439,2.0906528496671406,0.620327794454454,16.611682131191706,1.691978568892221,97268.10347295075,0.3231999576830959,0
raw_party_shares,cosine,agglomerative_average,10,10,0.16,,10,1295.4,3402240.6000000006,2626.4015748031497,2.5741657313981956,0.6058735948145285,14.770041117109784,0.3265899410563833,91637.85713977896,0.2569845957698306,0
raw_party_shares,cosine,agglomerative_average,15,15,0.17,,15,1295.4,3091064.400000001,2386.185270958778,2.9220606343493465,0.5862630812354263,12.547026291155785,0.3265899410563833,83976.06041999237,0.13135047247822082,0
raw_party_shares,cosine,agglomerative_average,20,20,0.16,,20,1295.4,3049266.6000000006,2353.9189439555353,3.3741839084493592,0.5781469955391229,14.391950302462067,0.3265899410563833,78612.52895227635,0.005111246169243516,0
raw_party_shares,cosine,louvain,3,3,0.17,,3,378988.9999999998,2724230.7999999993,7.188152690447482,0.7779097734190825,0.8681131126151103,12.880220177457275,2.927158510412376,127122.47262150973,0.18325889018790886,0
raw_party_shares,cosine,louvain,5,5,0.21,,5,79924.99999999999,1527627.2,19.113258680012514,0.6874608278554578,0.754001875146142,13.939566868620375,4.762970890801892,116427.38629355855,0.0893972065508504,0
raw_party_shares,cosine,louvain,7,7,0.3,,7,3031.6,1527627.2,503.9013062409289,1.0244078096726676,0.7182887733179238,17.255613974776196,4.97586996150369,113720.28198068896,0.025798645372693847,0
raw_party_shares,cosine,louvain,10,9,0.5,,9,7310.200000000001,1998350.1999999997,273.3646411862876,1.4347540292341237,0.5584643980577618,19.107918549505612,2.3327875700355243,116747.10776620048,-0.006914922009209256,0
raw_party_shares,cosine,louvain,15,15,0.29,,15,5017.6,1998350.1999999997,398.2681361607142,2.020387690445352,0.46615687418145496,23.277386708555017,2.332787570035528,115888.36870228908,-0.03754635639594485,0
raw_party_shares,cosine,louvain,20,20,0.33,,20,1798.6,1998350.1999999997,1111.0587123318135,2.400685651686359,0.4341834137661536,24.660565462715685,2.332787570035528,115399.69989616323,-0.04820885766720957,0
raw_party_shares,cosine,kmeans_baseline,3,3,0.06,,3,407161.2,2191045.8000000007,5.381273559464901,0.5568522194371099,0.6945972117848318,21.463286573432878,16.33703681045937,73008.69598627834,0.4915591659148821,3
raw_party_shares,cosine,kmeans_baseline,5,5,0.05,,5,407161.2,1077226.6,2.645700523527291,0.3906760533798763,0.6321299707520652,18.996828788882915,3.9890101374319897,47954.29832602982,0.43988707590679804,5
raw_party_shares,cosine,kmeans_baseline,7,7,0.05,,7,90695.4,1068438.0000000002,11.780509265078496,0.7187329045021332,0.5614578753085586,16.85218522719443,3.045770972766121,37024.961114840975,0.3742054591440388,7
raw_party_shares,cosine,kmeans_baseline,10,10,0.05,,10,19922.399999999998,1048388.8000000002,52.62361964421959,0.9641015579467788,0.46278191322758094,17.302945188118834,0.6204325517511755,29851.196026849142,0.3335779622439258,8
raw_party_shares,cosine,kmeans_baseline,15,15,0.06,,15,4065.8,924396.8,227.35914211225344,1.0441049450831696,0.4304023766774262,15.626626117731677,0.3265899410563833,22641.450049834875,0.31457370308577165,11
raw_party_shares,cosine,kmeans_baseline,20,20,0.07,,20,14558.8,763987.6,52.476000769294174,1.126171068919652,0.3656845611138931,16.656885974859126,2.59239589651758,17861.587434195404,0.3096348163420092,15
raw_party_shares,jensen_shannon,simulated_annealing,3,3,19.03,,3,1136746.4,1421038.5999999999,1.2500928967094156,0.09415551198627421,1.0894083159200914,3.5852699542477104,2.5667626246986295,169926.11442015693,0.11217269920644171,0
raw_party_shares,jensen_shannon,simulated_annealing,5,5,22.75,,5,453276.19999999995,1110876.0,2.4507706338872417,0.34207108356655885,1.0909555993247912,5.9192650546405865,3.046955839802507,191007.11997323728,-0.05933782696715021,0
raw_party_shares,jensen_shannon,simulated_annealing,7,7,26.94,,7,217608.6,939893.5999999997,4.319193267177859,0.4602461473889518,1.216612346357236,7.4430410417016475,0.5033182946368022,234230.16380147164,-0.13963557332849638,0
raw_party_shares,jensen_shannon,simulated_annealing,10,10,32.59,,10,1821.8,930366.9999999998,510.68558568448776,0.757637434221825,1.146847289616791,7.139584720518769,0.24806063395623568,202132.64350605136,-0.207343011222417,0
raw_party_shares,jensen_shannon,simulated_annealing,15,15,37.3,,15,27862.399999999998,621342.5999999999,22.300397668542548,0.7067659922524301,0.9680602252885667,9.760626085046825,1.6198456296597108,171835.39632266707,-0.2894355831585363,0
raw_party_shares,jensen_shannon,simulated_annealing,20,20,41.4,,20,191.0,651913.0,3413.1570680628274,0.9614558652025182,0.8888160557231422,12.188191074602054,0.19242929707572287,131911.96502255736,-0.2990153729335981,0
raw_party_shares,jensen_shannon,agglomerative_average,3,3,0.47,,3,110200.59999999999,3419056.400000001,31.02575122095525,1.1446558573669152,0.6441468573853365,19.306647766798392,3.3895669430883224,107342.47677014064,0.5661632770058126,0
raw_party_shares,jensen_shannon,agglomerative_average,5,5,0.47,,5,1295.4,3416435.400000001,2637.359425660028,1.6865878966181844,0.6322254544940528,21.221866356637626,3.394354887926326,101701.58056724715,0.3796301467107662,0
raw_party_shares,jensen_shannon,agglomerative_average,7,7,0.47,,7,1295.4,3412704.0000000005,2634.478925428439,2.0906528496671406,0.620327794454454,16.611682131191706,1.691978568892221,97268.10347295075,0.3231999576830959,0
raw_party_shares,jensen_shannon,agglomerative_average,10,10,0.47,,10,1295.4,3402650.2000000007,2626.7177705727963,2.574517037034689,0.601684764020928,13.50901342969558,0.3265899410563833,91727.33476967449,0.25018977643584306,0
raw_party_shares,jensen_shannon,agglomerative_average,15,15,0.47,,15,1013.4,3339240.6000000006,3295.086441681469,3.166667872125024,0.5098535374054137,15.984057284715707,0.3265899410563833,83271.43838423378,0.06943464050703699,0
raw_party_shares,jensen_shannon,agglomerative_average,20,20,0.47,,20,653.4,3307000.6000000006,5061.219161310071,3.6641799519533436,0.5011448778967448,15.038237020330536,0.3265899410563833,78454.57099297282,-0.07089883526608733,0
raw_party_shares,jensen_shannon,louvain,3,3,0.46,,3,378988.9999999998,2724230.7999999993,7.188152690447482,0.7779097734190825,0.8681131126151103,12.880220177457275,2.927158510412383,127122.47262150975,0.18325889018790886,0
raw_party_shares,jensen_shannon,louvain,5,5,0.52,,5,86532.99999999997,1527627.2,17.653695122092156,0.686797162983985,0.7551852717910587,14.190434654727145,4.762970890801899,116616.86953648826,0.08562097811442691,0
raw_party_shares,jensen_shannon,louvain,7,7,0.54,,7,14281.2,1527627.2,106.96770579503122,0.951649673383483,0.6945818949976706,14.464574123123606,4.415144287819203,117507.70482602486,0.0037572391905303514,0
raw_party_shares,jensen_shannon,louvain,10,10,0.58,,10,7554.2,1527627.2,202.2222339890392,1.301251714025699,0.6238420216731996,18.838619392265958,4.415144287819203,114294.48010265995,-0.03204517417150387,0
raw_party_shares,jensen_shannon,louvain,15,15,0.56,,15,8324.2,1196603.5999999999,143.7499819802503,1.3427010621413833,0.6271101425152424,17.728170898240773,0.631676076583652,115293.21991485448,-0.0963256675554926,0
raw_party_shares,jensen_shannon,louvain,20,20,0.68,,20,3346.8,1351258.8,403.7465041233417,1.7915141728260107,0.5102980714869711,22.46385402565249,4.267572098472048,119277.36002747182,-0.07418743211030132,0
raw_party_shares,jensen_shannon,kmeans_baseline,3,3,0.05,,3,407161.2,2191045.8000000007,5.381273559464901,0.5568522194371099,0.6945972117848318,21.463286573432878,16.33703681045937,73008.69598627834,0.4915591659148821,3
raw_party_shares,jensen_shannon,kmeans_baseline,5,5,0.05,,5,407161.2,1077226.6,2.645700523527291,0.3906760533798763,0.6321299707520652,18.996828788882915,3.9890101374319897,47954.29832602982,0.43988707590679804,5
raw_party_shares,jensen_shannon,kmeans_baseline,7,7,0.05,,7,90695.4,1068438.0000000002,11.780509265078496,0.7187329045021332,0.5614578753085586,16.85218522719443,3.045770972766121,37024.961114840975,0.3742054591440388,7
raw_party_shares,jensen_shannon,kmeans_baseline,10,10,0.05,,10,19922.399999999998,1048388.8000000002,52.62361964421959,0.9641015579467788,0.46278191322758094,17.302945188118834,0.6204325517511755,29851.196026849142,0.3335779622439258,8
raw_party_shares,jensen_shannon,kmeans_baseline,15,15,0.06,,15,4065.8,924396.8,227.35914211225344,1.0441049450831696,0.4304023766774262,15.626626117731677,0.3265899410563833,22641.450049834875,0.31457370308577165,11
raw_party_shares,jensen_shannon,kmeans_baseline,20,20,0.07,,20,14558.8,763987.6,52.476000769294174,1.126171068919652,0.3656845611138931,16.656885974859126,2.59239589651758,17861.587434195404,0.3096348163420092,15
pca_5,euclidean,simulated_annealing,3,3,18.82,,3,836719.4,2110827.2,2.522742032753155,0.4361752590892474,9.605576570819515,2.882373199485984,1.6158224216204167,152043.6229203108,0.12498683243146022,0
pca_5,euclidean,simulated_annealing,5,5,20.74,,5,451017.79999999993,1152877.5999999999,2.5561687365775807,0.3680740454555501,10.45742097362373,3.5476673836778416,1.5127340246954024,192141.25502258854,-0.0503662478615537,0
pca_5,euclidean,simulated_annealing,7,7,23.28,,7,184778.4,1246313.6,6.744909578175805,0.6775155796121582,10.374816767460791,2.82921188888727,0.2574321700169149,202723.14097158634,-0.1335820097225833,0
pca_5,euclidean,simulated_annealing,10,10,28.55,,10,168592.39999999997,687847.4,4.079943105383162,0.5305658476730675,9.070118793127355,6.567688634105847,0.14137959397314637,157988.16854411672,-0.15385565989955646,0
pca_5,euclidean,simulated_annealing,15,15,31.41,,15,2386.4,650836.4,272.72728796513576,0.7584449199702127,7.672271554386778,9.465490018128833,0.5141224103493593,99464.60639191969,-0.12748074676765384,0
pca_5,euclidean,simulated_annealing,20,20,37.49,,20,2386.4,589068.4,246.843949044586,0.8514776594193321,6.722927242234188,11.740006838916154,0.08742519469271903,94842.12736374246,-0.21376013053953366,0
pca_5,euclidean,agglomerative_average,3,3,0.14,,3,110200.59999999999,3419056.400000001,31.02575122095525,1.1446558573669152,5.167874176269432,34.995528442805714,0.3452852477780561,94132.17629274364,0.5953617522456461,0
pca_5,euclidean,agglomerative_average,5,5,0.14,,5,1295.4,3416435.400000001,2637.359425660028,1.6865878966181844,5.046304068922704,32.94983057669248,0.341859984388527,88608.73375601055,0.41651563083093796,0
pca_5,euclidean,agglomerative_average,7,7,0.14,,7,1295.4,3412704.0000000005,2634.478925428439,2.0906528496671406,4.93010993946925,27.146371040218234,0.34092363539112724,84291.66375476262,0.3518095921172103,0
pca_5,euclidean,agglomerative_average,10,10,0.14,,10,1295.4,3362589.2,2595.792187741238,2.540346991758606,4.767511327711008,25.880419019815708,0.7472546825686657,78719.45943469602,0.27684426546388075,0
pca_5,euclidean,agglomerative_average,15,15,0.14,,15,1295.4,3076346.6000000006,2374.8236838042308,2.9069238950096574,4.624372179994723,20.943988343710714,0.9193531295911896,72206.60730131203,0.08719728387570921,0
pca_5,euclidean,agglomerative_average,20,20,0.14,,20,1295.4,2839704.600000001,2192.144974525244,3.133223948371546,4.881231218211473,16.193868840272025,0.7957473861511831,63802.601223173406,-0.17129347200431738,0
pca_5,euclidean,louvain,3,3,0.16,,3,378988.9999999998,2724230.7999999993,7.188152690447482,0.7779097734190825,7.721508667655627,17.31413178784369,3.196642033109975,113836.75184328765,0.1913815060592606,0
pca_5,euclidean,louvain,5,5,0.21,,5,110766.19999999998,1527627.2,13.791456238455416,0.6888789190690473,6.698390245148788,16.720493480569,0.9089234855639621,106493.55749548168,0.08312408921863515,0
pca_5,euclidean,louvain,7,7,0.29,,7,34170.0,1527627.2,44.70667837284167,0.9450996189571786,7.42581089196675,14.461251293096083,0.4105030287858447,109573.3488860257,0.0551677124682856,0
pca_5,euclidean,louvain,10,10,0.25,,10,34170.0,1196603.5999999999,35.01912788996195,0.945335625801678,6.7266527214476195,14.764550267871254,0.4352958627847515,111229.36338901405,-0.07828194377460876,0
pca_5,euclidean,louvain,15,15,0.32,,15,2309.0,1196603.5999999999,518.2345604157643,1.3489173230904086,5.839978234433023,23.124066087818427,0.47368282519188787,113812.56952625857,-0.08814983965470538,0
pca_5,euclidean,louvain,20,19,0.55,,19,3257.0,1196603.5999999999,367.3944120356156,1.6005594953762148,4.82076532193941,27.998593697607642,0.4736828251918876,112579.73401642728,-0.11099336920208408,0
pca_5,euclidean,kmeans_baseline,3,3,0.04,,3,407161.2,2191045.8000000007,5.381273559464901,0.5568522194371099,6.0144765034852545,19.19220199836293,1.4705182972414974,59599.761720476876,0.5367500124578899,3
pca_5,euclidean,kmeans_baseline,5,5,0.05,,5,407161.2,1069091.4000000001,2.6257202307096064,0.3905869084075323,5.00465956862114,19.357897555722268,1.5425987249419593,34834.2479436045,0.5014264807881222,5
pca_5,euclidean,kmeans_baseline,7,7,0.05,,7,90695.4,1067639.2000000002,11.771701762162142,0.6919731392988837,4.05554418577631,23.642210808882457,1.4827593996649089,24312.863556302633,0.45292069715505584,6
pca_5,euclidean,kmeans_baseline,10,10,0.05,,10,44380.6,985120.7999999999,22.19710414009725,0.7915992342849337,3.533834135274236,22.194886878143187,0.7348724947607275,17096.35302595118,0.40848780783129596,8
pca_5,euclidean,kmeans_baseline,15,15,0.06,,15,14558.8,807140.4,55.440036266725286,0.9066694310330305,2.9970276268940474,19.214461596844604,0.007986091701883247,11724.222584994026,0.3587773625784635,11
pca_5,euclidean,kmeans_baseline,20,20,0.07,,20,9158.0,816967.3999999998,89.20805852806288,0.9849763775887793,2.689514115451189,15.747176600354758,0.32252748305801177,8755.361584222852,0.36939112784865435,16
pca_5,cosine,simulated_annealing,3,3,18.88,,3,836719.4,2110827.2,2.522742032753155,0.4361752590892474,9.605576570819515,2.882373199485984,1.6158224216204167,152043.6229203108,0.12498683243146022,0
pca_5,cosine,simulated_annealing,5,5,20.83,,5,451017.79999999993,1152877.5999999999,2.5561687365775807,0.3680740454555501,10.45742097362373,3.5476673836778416,1.5127340246954024,192141.25502258854,-0.0503662478615537,0
pca_5,cosine,simulated_annealing,7,7,23.29,,7,184778.4,1246313.6,6.744909578175805,0.6775155796121582,10.374816767460791,2.82921188888727,0.2574321700169149,202723.14097158634,-0.1335820097225833,0
pca_5,cosine,simulated_annealing,10,10,28.35,,10,168592.39999999997,687847.4,4.079943105383162,0.5305658476730675,9.070118793127355,6.567688634105847,0.14137959397314637,157988.16854411672,-0.15385565989955646,0
pca_5,cosine,simulated_annealing,15,15,31.18,,15,2386.4,650836.4,272.72728796513576,0.7584449199702127,7.672271554386778,9.465490018128833,0.5141224103493593,99464.60639191969,-0.12748074676765384,0
pca_5,cosine,simulated_annealing,20,20,37.64,,20,2386.4,589068.4,246.843949044586,0.8514776594193321,6.722927242234188,11.740006838916154,0.08742519469271903,94842.12736374246,-0.21376013053953366,0
pca_5,cosine,agglomerative_average,3,3,0.14,,3,1295.4,3527961.600000001,2723.4534506716077,1.206345666690003,7.132237288741585,24.4734250815218,1.5803696713422504,109524.52720198916,0.3990876120799514,0
pca_5,cosine,agglomerative_average,5,5,0.14,,5,1295.4,3522985.600000001,2719.6121661262937,1.7552004869502915,6.981749792036519,24.854010140163584,1.589129697830352,104885.21048669264,0.3374389329506392,0
pca_5,cosine,agglomerative_average,7,7,0.14,,7,1295.4,3519254.200000001,2716.731665894705,2.1681969203048665,6.806833383747926,21.364198120030043,1.5920850901600831,100581.61526007183,0.3101189299816921,0
pca_5,cosine,agglomerative_average,10,10,0.14,,10,1295.4,3403968.8000000003,2627.7356800988114,2.5756476481705812,4.7335819431277395,22.783048627369986,0.31640864649164413,78960.14257864063,0.3087713482918528,0
pca_5,cosine,agglomerative_average,15,15,0.2,,15,1295.4,3070198.0000000005,2370.077196232824,2.900650783006489,4.616732715785513,20.651160054789038,1.0679705661802394,73297.19072128538,-0.0062152358723041425,0
pca_5,cosine,agglomerative_average,20,20,0.14,,20,653.4,3040432.8000000007,4653.248852157944,3.363901076679168,4.5600447647032505,17.07355694372921,1.0368004290690787,69133.81924549732,-0.08185397807993634,0
pca_5,cosine,louvain,3,3,0.18,,3,378988.9999999998,2724230.7999999993,7.188152690447482,0.7779097734190825,7.721508667655627,17.314131787843692,3.1966420331099754,113836.75184328767,0.19138150605926058,0
pca_5,cosine,louvain,5,5,0.23,,5,10413.8,1527627.2,146.69258099829074,0.6957535171610825,6.974562983635439,17.542434779647373,0.9089234855639612,107350.13401193001,0.012130699732368274,0
pca_5,cosine,louvain,7,7,0.25,,7,10413.8,1527627.2,146.69258099829074,1.0236686118492007,5.932465193906099,20.158645904325315,0.9089234855639612,99194.46790689306,0.06293920642106163,0
pca_5,cosine,louvain,10,9,0.54,,9,10413.8,1527627.2,146.69258099829074,1.197944735198327,5.788255595637449,21.185628919541355,0.34366383216121765,104323.70278850119,-0.024948111190760243,0
pca_5,cosine,louvain,15,15,0.3,,15,5771.4,1527627.2,264.68919153065116,1.6744388587387151,4.850680676239755,31.59922532466496,0.38390288725439436,88538.78983463073,-0.10724076343634203,0
pca_5,cosine,louvain,20,20,0.45,,20,3274.2,1527627.2,466.5650235171951,2.092585265965699,4.873208725881902,33.07603852226124,1.0764239062447318,88598.62802676005,-0.08303144898000393,0
pca_5,cosine,kmeans_baseline,3,3,0.05,,3,407161.2,2191045.8000000007,5.381273559464901,0.5568522194371099,6.0144765034852545,19.19220199836293,1.4705182972414974,59599.761720476876,0.5367500124578899,3
pca_5,cosine,kmeans_baseline,5,5,0.06,,5,407161.2,1069091.4000000001,2.6257202307096064,0.3905869084075323,5.00465956862114,19.357897555722268,1.5425987249419593,34834.2479436045,0.5014264807881222,5
pca_5,cosine,kmeans_baseline,7,7,0.06,,7,90695.4,1067639.2000000002,11.771701762162142,0.6919731392988837,4.05554418577631,23.642210808882457,1.4827593996649089,24312.863556302633,0.45292069715505584,6
pca_5,cosine,kmeans_baseline,10,10,0.06,,10,44380.6,985120.7999999999,22.19710414009725,0.7915992342849337,3.533834135274236,22.194886878143187,0.7348724947607275,17096.35302595118,0.40848780783129596,8
pca_5,cosine,kmeans_baseline,15,15,0.06,,15,14558.8,807140.4,55.440036266725286,0.9066694310330305,2.9970276268940474,19.214461596844604,0.007986091701883247,11724.222584994026,0.3587773625784635,11
pca_5,cosine,kmeans_baseline,20,20,0.07,,20,9158.0,816967.3999999998,89.20805852806288,0.9849763775887793,2.689514115451189,15.747176600354758,0.32252748305801177,8755.361584222852,0.36939112784865435,16
nmf_5,euclidean,simulated_annealing,3,3,18.8,,3,814241.8,1769372.2000000002,2.1730304192194505,0.2986212871170512,0.4122879036214422,0.32832539733940497,0.03555088100868442,269.7229486783863,0.060062001743589485,0
nmf_5,euclidean,simulated_annealing,5,5,20.92,,5,389631.0,1331313.4000000001,3.416856974932693,0.5357466853156723,0.3852429949560531,0.3402822729460005,0.20700196358453227,250.13151410089358,-0.014784563648440342,0
nmf_5,euclidean,simulated_annealing,7,7,23.96,,7,296864.6,997160.3999999998,3.358973754364784,0.47427878821368014,0.3857064786837645,0.45333492526292724,0.02537148382585619,247.09947519611666,-0.11952005465375468,0
nmf_5,euclidean,simulated_annealing,10,10,26.53,,10,143132.0,691831.3999999999,4.833520107313528,0.4839036703455561,0.37778803967312585,0.4942794054862921,0.11375619872776865,252.44295714520365,-0.18950539214566844,0
nmf_5,euclidean,simulated_annealing,15,15,31.86,,15,9921.2,666520.5999999999,67.18144982461797,0.7502909465300969,0.35171960238831923,0.7077056116049055,0.045144739561379765,205.31842005899796,-0.27022423561471376,0
nmf_5,euclidean,simulated_annealing,20,20,37.0,,20,1909.6,608267.0,318.53110599078343,0.8614157018224167,0.32919261194814253,0.7297530328561989,0.08911997811850936,187.90269011204634,-0.2887142224109284,0
nmf_5,euclidean,agglomerative_average,3,3,0.23,,3,110200.59999999999,3419056.400000001,31.02575122095525,1.1446558573669152,0.2410724765624652,1.444767302769634,0.5324286058025325,173.40077168030848,0.5418123131445252,0
nmf_5,euclidean,agglomerative_average,5,5,0.15,,5,1325.6,3374013.6000000006,2545.2727821363915,1.6588134314485141,0.2355908455918695,1.4529421985495772,0.5321837898672179,164.88661280121502,0.36382827941083895,0
nmf_5,euclidean,agglomerative_average,7,7,0.15,,7,1295.4,3370808.6000000006,2602.137254901961,2.0597335293361985,0.22957619408544785,1.453206419271464,0.5324286058025325,157.36409442217956,0.25235260042130175,0
nmf_5,euclidean,agglomerative_average,10,10,0.14,,10,1295.4,3362998.8000000007,2596.1083835108852,2.540698822198144,0.21843921903077276,1.329070786632951,0.5324286058025325,148.1601038651197,0.21922782614627612,0
nmf_5,euclidean,agglomerative_average,15,15,0.14,,15,1295.4,3079093.8000000007,2376.944418712367,2.9015588614102468,0.17654184663720163,1.3464813321846123,0.4200278326341452,107.9588837488446,0.11221060509287052,0
nmf_5,euclidean,agglomerative_average,20,20,0.14,,20,1295.4,3028824.6000000006,2338.138490041686,3.3407892365556053,0.1746265855975332,1.364546763864133,0.14463837873626906,100.13905905463466,0.06778076673029765,0
nmf_5,euclidean,louvain,3,3,0.17,,3,395908.9999999998,2719849.9999999995,6.869886766908559,0.7739971180573744,0.36417553062256625,0.5366676945153254,0.4987519023707796,224.26762737346442,0.1298220890294749,0
nmf_5,euclidean,louvain,5,5,0.19,,5,76893.4,1527627.2,19.866818218468687,0.687778884785597,0.2890178272436734,0.7500472116211847,0.012922769459507322,178.3291200070441,0.12120361669405527,0
nmf_5,euclidean,louvain,7,7,0.27,,7,130413.0,1527627.2,11.713764732043584,0.932511721744372,0.30653697537232866,0.6338558346082243,0.012922769459507322,186.43069238988502,0.017442061688985044,0
nmf_5,euclidean,louvain,10,10,0.23,,10,42242.8,1196603.5999999999,28.32680598823941,0.9387377065051931,0.3083235768812408,0.6258579840082469,0.012922769459507322,192.2523950362465,-0.07456719087480801,0
nmf_5,euclidean,louvain,15,15,0.29,,15,8332.2,1196603.5999999999,143.61196322699885,1.2521441839239222,0.2337661364490036,0.6490919589782943,0.012922769459507322,190.29720855017385,-0.10603008275585517,0
nmf_5,euclidean,louvain,20,20,0.3,,20,2560.8,1196603.5999999999,467.2772571071539,1.5539266155524336,0.22697893368382846,0.6505049896712121,0.012922769459507322,186.67105268998205,-0.11333674023950432,0
nmf_5,euclidean,kmeans_baseline,3,3,0.05,,3,407161.2,2219114.6000000006,5.450211365916007,0.5655562210820727,0.2565143246147335,0.5759466359293804,0.3588706812553275,139.28627476870292,0.48515914150607437,3
nmf_5,euclidean,kmeans_baseline,5,5,0.05,,5,82962.4,2052626.8000000003,24.74165163977899,0.9847317287033232,0.18342093093127448,1.281824085276745,0.35388288915460886,56.255608413756434,0.5596161365921176,5
nmf_5,euclidean,kmeans_baseline,7,7,0.05,,7,82962.4,1072525.4,12.927849242548431,0.6866302235892564,0.14546823182775173,1.195478644790537,0.1918401064133648,36.238961655784074,0.5202867472214053,6
nmf_5,euclidean,kmeans_baseline,10,10,0.08,,10,25695.0,1001318.6000000002,38.969394823895705,0.9121462353627888,0.12403506234393491,1.2026202431701276,0.1918401064133648,23.41504051441797,0.4288319623805426,8
nmf_5,euclidean,kmeans_baseline,15,15,0.06,,15,10480.2,848155.3999999998,80.92931432606245,0.9976403471156066,0.10378928085998491,1.1506578010354673,0.2827568243939548,15.83212119533024,0.39306368315036344,12
nmf_5,euclidean,kmeans_baseline,20,20,0.07,,20,14898.2,846463.6,56.81650132230739,1.1542695535113294,0.09054833231972592,1.1326703621128864,0.002000037813620459,11.872237825566955,0.3983247958392504,15
nmf_5,cosine,simulated_annealing,3,3,18.16,,3,814241.8,1769372.2000000002,2.1730304192194505,0.2986212871170512,0.4122879036214422,0.32832539733940497,0.03555088100868442,269.7229486783863,0.060062001743589485,0
nmf_5,cosine,simulated_annealing,5,5,20.61,,5,389631.0,1331313.4000000001,3.416856974932693,0.5357466853156723,0.3852429949560531,0.3402822729460005,0.20700196358453227,250.13151410089358,-0.014784563648440342,0
nmf_5,cosine,simulated_annealing,7,7,24.0,,7,296864.6,997160.3999999998,3.358973754364784,0.47427878821368014,0.3857064786837645,0.45333492526292724,0.02537148382585619,247.09947519611666,-0.11952005465375468,0
nmf_5,cosine,simulated_annealing,10,10,26.63,,10,143132.0,691831.3999999999,4.833520107313528,0.4839036703455561,0.37778803967312585,0.4942794054862921,0.11375619872776865,252.44295714520365,-0.18950539214566844,0
nmf_5,cosine,simulated_annealing,15,15,31.91,,15,9921.2,666520.5999999999,67.18144982461797,0.7502909465300969,0.35171960238831923,0.7077056116049055,0.045144739561379765,205.31842005899796,-0.27022423561471376,0
nmf_5,cosine,simulated_annealing,20,20,36.98,,20,1909.6,608267.0,318.53110599078343,0.8614157018224167,0.32919261194814253,0.7297530328561989,0.08911997811850936,187.90269011204634,-0.2887142224109284,0
nmf_5,cosine,agglomerative_average,3,3,0.14,,3,110200.59999999999,3419056.400000001,31.02575122095525,1.1446558573669152,0.2410724765624652,1.444767302769634,0.5324286058025325,173.40077168030848,0.5418123131445252,0
nmf_5,cosine,agglomerative_average,5,5,0.14,,5,1325.6,3415821.2000000007,2576.811406155704,1.6861840857432426,0.23518661018415118,1.497859516963254,0.5324286058025325,165.20311212449752,0.3164926203267892,0
nmf_5,cosine,agglomerative_average,7,7,0.14,,7,1295.4,3412704.0000000005,2634.478925428439,2.0906528496671406,0.22901470544861022,1.4317702927006284,0.5324286058025325,158.14430184657584,0.2659939854462136,0
nmf_5,cosine,agglomerative_average,10,10,0.14,,10,1295.4,3362998.8000000007,2596.1083835108852,2.540698822198144,0.21843921903077276,1.329070786632951,0.5324286058025325,148.1601038651197,0.21922782614627612,0
nmf_5,cosine,agglomerative_average,15,15,0.13,,15,1295.4,3082875.200000001,2379.863517060368,2.9136441141354954,0.21332071620950196,1.0168205566014348,0.14463837873626906,140.63116913321224,0.06165469099839716,0
nmf_5,cosine,agglomerative_average,20,20,0.13,,20,1295.4,3051344.0000000005,2355.5226184962175,3.367252821690454,0.17507796948529286,1.0663647444181272,0.14463837873626906,105.51738890043266,-0.28522472334706156,0
nmf_5,cosine,louvain,3,3,0.17,,3,378988.9999999999,2724230.8,7.188152690447482,0.7779097734190825,0.35168331701898653,0.5376722997094653,0.4985795737958131,218.69245807837848,0.13692975559429255,0
nmf_5,cosine,louvain,5,5,0.2,,5,76893.39999999998,1527627.2,19.86681821846869,0.6877788847855969,0.2890178272436734,0.7500472116211846,0.012922769459507322,178.32912000704414,0.12120361669405531,0
nmf_5,cosine,louvain,7,7,0.25,,7,130412.99999999999,1270627.8,9.74310689885211,0.7767890679258979,0.3067424146718655,0.6890270417179946,0.012922769459507322,182.86551661255012,0.04448785560749206,0
nmf_5,cosine,louvain,10,10,0.3,,10,7310.200000000001,1527627.2,208.9720117096659,1.3296149904424517,0.15434051577765773,0.8187455340012327,0.024258896203740443,136.95593701564334,-0.04856426021070729,0
nmf_5,cosine,louvain,15,15,0.31,,15,3031.6,1527627.2,503.9013062409289,1.773474719787732,0.16922403653749174,0.671915953147927,0.024258896203740443,135.285804239125,-0.06674409698106117,0
nmf_5,cosine,louvain,20,20,0.33,,20,2309.0,1272957.2,551.3023819835427,1.917268761398986,0.18635766112557203,0.6761927249859003,0.024258896203740443,135.65418927730562,-0.10009323311098706,0
nmf_5,cosine,kmeans_baseline,3,3,0.05,,3,407161.2,2219114.6000000006,5.450211365916007,0.5655562210820727,0.2565143246147335,0.5759466359293804,0.3588706812553275,139.28627476870292,0.48515914150607437,3
nmf_5,cosine,kmeans_baseline,5,5,0.05,,5,82962.4,2052626.8000000003,24.74165163977899,0.9847317287033232,0.18342093093127448,1.281824085276745,0.35388288915460886,56.255608413756434,0.5596161365921176,5
nmf_5,cosine,kmeans_baseline,7,7,0.05,,7,82962.4,1072525.4,12.927849242548431,0.6866302235892564,0.14546823182775173,1.195478644790537,0.1918401064133648,36.238961655784074,0.5202867472214053,6
nmf_5,cosine,kmeans_baseline,10,10,0.06,,10,25695.0,1001318.6000000002,38.969394823895705,0.9121462353627888,0.12403506234393491,1.2026202431701276,0.1918401064133648,23.41504051441797,0.4288319623805426,8
nmf_5,cosine,kmeans_baseline,15,15,0.06,,15,10480.2,848155.3999999998,80.92931432606245,0.9976403471156066,0.10378928085998491,1.1506578010354673,0.2827568243939548,15.83212119533024,0.39306368315036344,12
nmf_5,cosine,kmeans_baseline,20,20,0.07,,20,14898.2,846463.6,56.81650132230739,1.1542695535113294,0.09054833231972592,1.1326703621128864,0.002000037813620459,11.872237825566955,0.3983247958392504,15
nmf_5,jensen_shannon,simulated_annealing,3,3,18.17,,3,814241.8,1769372.2000000002,2.1730304192194505,0.2986212871170512,0.4122879036214422,0.32832539733940497,0.03555088100868442,269.7229486783863,0.060062001743589485,0
nmf_5,jensen_shannon,simulated_annealing,5,5,20.31,,5,389631.0,1331313.4000000001,3.416856974932693,0.5357466853156723,0.3852429949560531,0.3402822729460005,0.20700196358453227,250.13151410089358,-0.014784563648440342,0
nmf_5,jensen_shannon,simulated_annealing,7,7,23.76,,7,296864.6,997160.3999999998,3.358973754364784,0.47427878821368014,0.3857064786837645,0.45333492526292724,0.02537148382585619,247.09947519611666,-0.11952005465375468,0
nmf_5,jensen_shannon,simulated_annealing,10,10,26.28,,10,143132.0,691831.3999999999,4.833520107313528,0.4839036703455561,0.37778803967312585,0.4942794054862921,0.11375619872776865,252.44295714520365,-0.18950539214566844,0
nmf_5,jensen_shannon,simulated_annealing,15,15,31.69,,15,9921.2,666520.5999999999,67.18144982461797,0.7502909465300969,0.35171960238831923,0.7077056116049055,0.045144739561379765,205.31842005899796,-0.27022423561471376,0
nmf_5,jensen_shannon,simulated_annealing,20,20,36.34,,20,1909.6,608267.0,318.53110599078343,0.8614157018224167,0.32919261194814253,0.7297530328561989,0.08911997811850936,187.90269011204634,-0.2887142224109284,0
nmf_5,jensen_shannon,agglomerative_average,3,3,0.41,,3,110200.59999999999,3419056.400000001,31.02575122095525,1.1446558573669152,0.2410724765624652,1.444767302769634,0.5324286058025325,173.40077168030848,0.5418123131445252,0
nmf_5,jensen_shannon,agglomerative_average,5,5,0.39,,5,1325.6,3415821.2000000007,2576.811406155704,1.6861840857432426,0.23518661018415118,1.497859516963254,0.5324286058025325,165.20311212449752,0.3164926203267892,0
nmf_5,jensen_shannon,agglomerative_average,7,7,0.4,,7,1295.4,3412704.0000000005,2634.478925428439,2.0906528496671406,0.22901470544861022,1.4317702927006284,0.5324286058025325,158.14430184657584,0.2659939854462136,0
nmf_5,jensen_shannon,agglomerative_average,10,10,0.45,,10,1295.4,3362998.8000000007,2596.1083835108852,2.540698822198144,0.21843921903077276,1.329070786632951,0.5324286058025325,148.1601038651197,0.21922782614627612,0
nmf_5,jensen_shannon,agglomerative_average,15,15,0.39,,15,1013.4,3325792.400000001,3281.8160647325844,3.152901137187704,0.1880575783052697,1.1662360827128824,0.4200278326341452,136.65638589953025,-0.06276107411533441,0
nmf_5,jensen_shannon,agglomerative_average,20,20,0.38,,20,1013.4,3025486.800000001,2985.4813499111915,3.346421236897149,0.18514236406599122,1.0102959444427035,0.14463837873626906,130.3540109175677,-0.22818790460341531,0
nmf_5,jensen_shannon,louvain,3,3,0.41,,3,378988.9999999999,2724230.7999999993,7.18815269044748,0.7779097734190825,0.35168331701898653,0.5376722997094652,0.49857957379581275,218.69245807837848,0.13692975559429255,0
nmf_5,jensen_shannon,louvain,5,5,0.44,,5,76893.39999999998,1503616.4,19.55455734822495,0.6842897958211221,0.2878904103860288,0.7496122451529013,0.010850143749570718,178.42170273397159,0.12053862618446332,0
nmf_5,jensen_shannon,louvain,7,7,0.48,,7,76893.39999999998,1998350.1999999997,25.988578993775803,1.1125267357606174,0.2708687651464432,0.692743301637852,0.2583781117916748,185.60851392085428,0.0439506440899614,0
nmf_5,jensen_shannon,louvain,10,10,0.42,,10,11274.8,1998350.1999999997,177.2404122467804,1.478446642204114,0.21604195487370173,0.6298950788867385,0.13966641111586564,184.25728516820465,-0.0047989239218124684,0
nmf_5,jensen_shannon,louvain,15,15,0.58,,15,4278.6,1998350.1999999997,467.05702799981293,1.9395986112739305,0.16607211422239032,0.6171942366233428,0.09752500453271518,180.55914832741038,-0.035640357930424894,0
nmf_5,jensen_shannon,louvain,20,20,0.57,,20,3346.8,1220614.4,364.71088801242973,1.6962272847853141,0.1520366826649065,0.6506548724637292,0.010850143749570718,172.51195205665923,-0.07283720405465846,0
nmf_5,jensen_shannon,kmeans_baseline,3,3,0.05,,3,407161.2,2219114.6000000006,5.450211365916007,0.5655562210820727,0.2565143246147335,0.5759466359293804,0.3588706812553275,139.28627476870292,0.48515914150607437,3
nmf_5,jensen_shannon,kmeans_baseline,5,5,0.05,,5,82962.4,2052626.8000000003,24.74165163977899,0.9847317287033232,0.18342093093127448,1.281824085276745,0.35388288915460886,56.255608413756434,0.5596161365921176,5
nmf_5,jensen_shannon,kmeans_baseline,7,7,0.05,,7,82962.4,1072525.4,12.927849242548431,0.6866302235892564,0.14546823182775173,1.195478644790537,0.1918401064133648,36.238961655784074,0.5202867472214053,6
nmf_5,jensen_shannon,kmeans_baseline,10,10,0.06,,10,25695.0,1001318.6000000002,38.969394823895705,0.9121462353627888,0.12403506234393491,1.2026202431701276,0.1918401064133648,23.41504051441797,0.4288319623805426,8
nmf_5,jensen_shannon,kmeans_baseline,15,15,0.07,,15,10480.2,848155.3999999998,80.92931432606245,0.9976403471156066,0.10378928085998491,1.1506578010354673,0.2827568243939548,15.83212119533024,0.39306368315036344,12
nmf_5,jensen_shannon,kmeans_baseline,20,20,0.07,,20,14898.2,846463.6,56.81650132230739,1.1542695535113294,0.09054833231972592,1.1326703621128864,0.002000037813620459,11.872237825566955,0.3983247958392504,15
